45	1	test	None	12	None	12	73.6111068725586	73.6111068725586	73.6111068725586	100.0	0.0
45	1	train	None	12	None	12	79.62963104248047	79.62963104248047	79.62963104248047	100.0	16.666666666666664
45	1	test	None	120	None	12	75.46295928955078	75.46295928955078	75.46295928955078	100.0	0.0
45	1	train	None	120	None	12	76.25	76.25	76.25	100.0	1.6666666666666667
45	1	test	None	132	None	12	77.22222137451172	77.22222137451172	77.22222137451172	100.0	0.0
45	1	train	None	132	None	12	79.11620330810547	79.11620330810547	79.11620330810547	100.0	3.787878787878788
45	1	test	None	144	None	12	73.70369720458984	73.70369720458984	73.70369720458984	100.0	0.0
45	1	train	None	144	None	12	79.40587615966797	79.40587615966797	79.40587615966797	100.0	5.555555555555555
45	1	test	None	156	None	12	75.37037658691406	75.37037658691406	75.37037658691406	100.0	0.0
45	1	train	None	156	None	12	84.08836364746094	84.08836364746094	84.08836364746094	100.0	7.051282051282051
45	1	test	None	168	None	12	84.53703308105469	84.53703308105469	84.53703308105469	100.0	16.666666666666664
45	1	train	None	168	None	12	85.46961212158203	85.46961212158203	85.46961212158203	100.0	14.285714285714285
45	1	test	None	180	None	12	73.70369720458984	73.70369720458984	73.70369720458984	100.0	0.0
45	1	train	None	180	None	12	77.7283935546875	77.7283935546875	77.7283935546875	100.0	4.444444444444445
45	1	test	None	192	None	12	77.87036895751953	77.87036895751953	77.87036895751953	100.0	0.0
45	1	train	None	192	None	12	84.2303466796875	84.2303466796875	84.2303466796875	100.0	11.458333333333332
45	1	test	None	204	None	12	82.3148193359375	82.3148193359375	82.3148193359375	100.0	8.333333333333332
45	1	train	None	204	None	12	89.6895523071289	89.6895523071289	89.6895523071289	100.0	29.411764705882355
45	1	test	None	216	None	12	76.29630279541016	76.29630279541016	76.29630279541016	100.0	8.333333333333332
45	1	train	None	216	None	12	85.22634887695312	85.22634887695312	85.22634887695312	100.0	13.425925925925927
45	1	test	None	228	None	12	83.79630279541016	83.79630279541016	83.79630279541016	100.0	8.333333333333332
45	1	train	None	228	None	12	85.47267150878906	85.47267150878906	85.47267150878906	100.0	12.280701754385964
45	1	test	None	24	None	12	71.20370483398438	71.20370483398438	71.20370483398438	100.0	0.0
45	1	train	None	24	None	12	78.75000762939453	78.75000762939453	78.75000762939453	100.0	0.0
45	1	test	None	240	None	12	80.37036895751953	80.37036895751953	80.37036895751953	100.0	16.666666666666664
45	1	train	None	240	None	12	85.32404327392578	85.32404327392578	85.32404327392578	100.0	12.5
45	1	test	None	252	None	12	88.98148345947266	88.98148345947266	88.98148345947266	100.0	8.333333333333332
45	1	train	None	252	None	12	90.5466537475586	90.5466537475586	90.5466537475586	100.0	23.809523809523807
45	1	test	None	264	None	12	94.8148193359375	94.8148193359375	94.8148193359375	100.0	66.66666666666666
45	1	train	None	264	None	12	93.9856185913086	93.9856185913086	93.9856185913086	100.0	45.83333333333333
45	1	test	None	276	None	12	88.88888549804688	88.88888549804688	88.8888931274414	100.0	25.0
45	1	train	None	276	None	12	91.24385833740234	91.24385833740234	91.24385833740234	100.0	26.44927536231884
45	1	test	None	288	None	12	88.24073791503906	88.24073791503906	88.24073791503906	100.0	8.333333333333332
45	1	train	None	288	None	12	90.8679428100586	90.8679428100586	90.8679428100586	100.0	27.083333333333332
45	1	test	None	300	None	12	86.5740737915039	86.5740737915039	86.5740737915039	100.0	16.666666666666664
45	1	train	None	300	None	12	93.06285095214844	93.06285095214844	93.06285095214844	100.0	41.66666666666667
45	1	test	None	312	None	12	85.46296691894531	85.46296691894531	85.46296691894531	100.0	25.0
45	1	train	None	312	None	12	87.3895263671875	87.3895263671875	87.3895263671875	100.0	15.384615384615385
45	1	test	None	324	None	12	90.83333587646484	90.83333587646484	90.83333587646484	100.0	33.33333333333333
45	1	train	None	324	None	12	89.75294494628906	89.75294494628906	89.75294494628906	100.0	27.469135802469136
45	1	test	None	336	None	12	83.88888549804688	83.88888549804688	83.88888549804688	100.0	8.333333333333332
45	1	train	None	336	None	12	87.5693588256836	87.5693588256836	87.5693588256836	100.0	16.964285714285715
45	1	test	None	348	None	12	88.05555725097656	88.05555725097656	88.05555725097656	100.0	0.0
45	1	train	None	348	None	12	92.09756469726562	92.09756469726562	92.09756469726562	100.0	25.0
45	1	test	None	36	None	12	69.35184478759766	69.35184478759766	69.35184478759766	100.0	0.0
45	1	train	None	36	None	12	73.36418914794922	73.36418914794922	73.36418914794922	100.0	0.0
45	1	test	None	360	None	12	92.40740966796875	92.40740966796875	92.40740966796875	100.0	33.33333333333333
45	1	train	None	360	None	12	96.31779479980469	96.31779479980469	96.31779479980469	100.0	66.11111111111111
45	1	test	None	372	None	12	86.29629516601562	86.29629516601562	86.29629516601562	100.0	16.666666666666664
45	1	train	None	372	None	12	91.7411880493164	91.7411880493164	91.7411880493164	100.0	29.03225806451613
45	1	test	None	384	None	12	96.57406616210938	96.57406616210938	96.57406616210938	100.0	66.66666666666666
45	1	train	None	384	None	12	95.6653823852539	95.6653823852539	95.6653823852539	100.0	57.291666666666664
45	1	test	None	396	None	12	92.3148193359375	92.3148193359375	92.3148193359375	100.0	33.33333333333333
45	1	train	None	396	None	12	92.03121948242188	92.03121948242188	92.03121948242188	100.0	32.57575757575758
45	1	test	None	408	None	12	80.7407455444336	80.7407455444336	80.7407455444336	100.0	0.0
45	1	train	None	408	None	12	84.1937255859375	84.1937255859375	84.1937255859375	100.0	6.862745098039216
45	1	test	None	420	None	12	82.129638671875	82.129638671875	82.129638671875	100.0	0.0
45	1	train	None	420	None	12	91.66910552978516	91.66910552978516	91.66910552978516	100.0	25.71428571428571
45	1	test	None	432	None	12	87.96295928955078	87.96295928955078	87.96295928955078	100.0	25.0
45	1	train	None	432	None	12	91.78218841552734	91.78218841552734	91.78218841552734	100.0	28.703703703703702
45	1	test	None	444	None	12	93.24073791503906	93.24073791503906	93.24073791503906	100.0	41.66666666666667
45	1	train	None	444	None	12	94.82966613769531	94.82966613769531	94.82966613769531	100.0	45.72072072072072
45	1	test	None	456	None	12	98.24073791503906	98.24073791503906	98.24073791503906	100.0	83.33333333333334
45	1	train	None	456	None	12	97.91658782958984	97.91658782958984	97.91658782958984	100.0	79.60526315789474
45	1	test	None	468	None	12	97.50000762939453	97.50000762939453	97.50000762939453	100.0	83.33333333333334
45	1	train	None	468	None	12	99.07166290283203	99.07166290283203	99.07166290283203	100.0	91.66666666666666
45	1	test	None	48	None	12	72.03703308105469	72.03703308105469	72.03703308105469	100.0	0.0
45	1	train	None	48	None	12	75.4398193359375	75.4398193359375	75.4398193359375	100.0	0.0
45	1	test	None	480	None	12	97.40740966796875	97.40740966796875	97.40740966796875	100.0	83.33333333333334
45	1	train	None	480	None	12	98.6110610961914	98.6110610961914	98.6110610961914	100.0	86.04166666666667
45	1	test	None	492	None	12	89.90740966796875	89.90740966796875	89.90740966796875	100.0	8.333333333333332
45	1	train	None	492	None	12	93.97901153564453	93.97901153564453	93.97901153564453	100.0	27.64227642276423
45	1	test	None	504	None	12	94.90740966796875	94.90740966796875	94.90740966796875	100.0	41.66666666666667
45	1	train	None	504	None	12	96.4416732788086	96.4416732788086	96.4416732788086	100.0	65.47619047619048
45	1	test	None	516	None	12	95.0	95.0	95.0	100.0	58.333333333333336
45	1	train	None	516	None	12	95.79441833496094	95.79441833496094	95.79441833496094	100.0	56.97674418604651
45	1	test	None	528	None	12	91.48149108886719	91.48149108886719	91.48149108886719	100.0	33.33333333333333
45	1	train	None	528	None	12	92.14197540283203	92.14197540283203	92.14197540283203	100.0	32.57575757575758
45	1	test	None	540	None	12	84.72222900390625	84.72222900390625	84.72222900390625	100.0	8.333333333333332
45	1	train	None	540	None	12	90.3351058959961	90.3351058959961	90.3351058959961	100.0	19.444444444444446
45	1	test	None	552	None	12	92.12963104248047	92.12963104248047	92.12963104248047	100.0	50.0
45	1	train	None	552	None	12	94.37380981445312	94.37380981445312	94.37380981445312	100.0	45.65217391304348
45	1	test	None	564	None	12	90.55555725097656	90.55555725097656	90.55555725097656	100.0	16.666666666666664
45	1	train	None	564	None	12	92.26138305664062	92.26138305664062	92.26138305664062	100.0	28.01418439716312
45	1	test	None	576	None	12	94.16665649414062	94.16665649414062	94.16665649414062	100.0	50.0
45	1	train	None	576	None	12	96.10907745361328	96.10907745361328	96.10907745361328	100.0	65.79861111111111
45	1	test	None	588	None	12	89.72222137451172	89.72222137451172	89.72222137451172	100.0	25.0
45	1	train	None	588	None	12	90.82171630859375	90.82171630859375	90.82171630859375	100.0	25.850340136054424
45	1	test	None	60	None	12	72.87037658691406	72.87037658691406	72.87037658691406	100.0	0.0
45	1	train	None	60	None	12	73.85185241699219	73.85185241699219	73.85185241699219	100.0	1.6666666666666667
45	1	test	None	600	None	12	90.55555725097656	90.55555725097656	90.55555725097656	100.0	33.33333333333333
45	1	train	None	600	None	12	93.24984741210938	93.24984741210938	93.24984741210938	100.0	37.0
45	1	test	None	72	None	12	67.96295928955078	67.96295928955078	67.96295928955078	100.0	0.0
45	1	train	None	72	None	12	71.95988464355469	71.95988464355469	71.95988464355469	100.0	4.166666666666666
45	1	test	None	84	None	12	73.79629516601562	73.79629516601562	73.79629516601562	100.0	0.0
45	1	train	None	84	None	12	74.8941879272461	74.8941879272461	74.8941879272461	100.0	3.571428571428571
45	1	test	None	96	None	12	72.96295928955078	72.96295928955078	72.96295928955078	100.0	0.0
45	1	train	None	96	None	12	74.73380279541016	74.73380279541016	74.73380279541016	100.0	1.0416666666666665
45	1	test	None	108	None	12	75.55555725097656	75.55555725097656	75.55555725097656	100.0	0.0
45	1	train	None	108	None	12	73.91976928710938	73.91976928710938	73.91976928710938	100.0	1.8518518518518516
46	1	test	None	12	None	12	77.5	77.5	77.5	100.0	0.0
46	1	train	None	12	None	12	82.50000762939453	82.50000762939453	82.50000762939453	100.0	8.333333333333332
46	1	test	None	120	None	12	72.5	72.5	72.5	100.0	0.0
46	1	train	None	120	None	12	72.1296157836914	72.1296157836914	72.1296157836914	100.0	2.5
46	1	test	None	132	None	12	72.5	72.5	72.50000762939453	100.0	0.0
46	1	train	None	132	None	12	79.24240112304688	79.24240112304688	79.24240112304688	100.0	8.333333333333332
46	1	test	None	144	None	12	76.66666412353516	76.66666412353516	76.66667175292969	100.0	0.0
46	1	train	None	144	None	12	83.31021881103516	83.31021881103516	83.31021881103516	100.0	11.805555555555555
46	1	test	None	156	None	12	80.0	80.0	80.00001525878906	100.0	0.0
46	1	train	None	156	None	12	84.07412719726562	84.07412719726562	84.07412719726562	100.0	9.615384615384617
46	1	test	None	168	None	12	70.83332824707031	70.83332824707031	70.83332824707031	100.0	0.0
46	1	train	None	168	None	12	80.06614685058594	80.06614685058594	80.06614685058594	100.0	5.952380952380952
46	1	test	None	180	None	12	83.33332824707031	83.33332824707031	83.33332824707031	100.0	0.0
46	1	train	None	180	None	12	88.25926971435547	88.25926971435547	88.25926971435547	100.0	18.333333333333332
46	1	test	None	192	None	12	74.16667175292969	74.16667175292969	74.16667175292969	100.0	0.0
46	1	train	None	192	None	12	77.77777099609375	77.77777099609375	77.77777099609375	100.0	3.6458333333333335
46	1	test	None	204	None	12	79.16667175292969	79.16667175292969	79.16667175292969	100.0	0.0
46	1	train	None	204	None	12	84.19392395019531	84.19392395019531	84.19392395019531	100.0	14.215686274509803
46	1	test	None	216	None	12	86.66666412353516	86.66666412353516	86.66666412353516	100.0	8.333333333333332
46	1	train	None	216	None	12	92.37655639648438	92.37655639648438	92.37655639648438	100.0	42.592592592592595
46	1	test	None	228	None	12	88.33333587646484	88.33333587646484	88.33333587646484	100.0	25.0
46	1	train	None	228	None	12	93.85474395751953	93.85474395751953	93.85474395751953	100.0	46.05263157894737
46	1	test	None	24	None	12	75.83333587646484	75.83333587646484	75.83333587646484	100.0	0.0
46	1	train	None	24	None	12	74.72222137451172	74.72222137451172	74.72222137451172	100.0	0.0
46	1	test	None	240	None	12	84.16667938232422	84.16667938232422	84.16667938232422	100.0	0.0
46	1	train	None	240	None	12	86.25459289550781	86.25459289550781	86.25459289550781	100.0	15.416666666666668
46	1	test	None	252	None	12	90.0	90.0	90.0	100.0	25.0
46	1	train	None	252	None	12	95.15868377685547	95.15868377685547	95.15868377685547	100.0	59.92063492063492
46	1	test	None	264	None	12	86.66666412353516	86.66666412353516	86.66667175292969	100.0	8.333333333333332
46	1	train	None	264	None	12	89.34757995605469	89.34757995605469	89.34757995605469	100.0	19.318181818181817
46	1	test	None	276	None	12	85.83333587646484	85.83333587646484	85.83333587646484	100.0	0.0
46	1	train	None	276	None	12	89.1021728515625	89.1021728515625	89.1021728515625	100.0	20.652173913043477
46	1	test	None	288	None	12	80.83333587646484	80.83333587646484	80.83333587646484	100.0	8.333333333333332
46	1	train	None	288	None	12	87.62725830078125	87.62725830078125	87.62725830078125	100.0	16.666666666666664
46	1	test	None	300	None	12	93.33333587646484	93.33333587646484	93.33333587646484	100.0	33.33333333333333
46	1	train	None	300	None	12	95.06658935546875	95.06658935546875	95.06658935546875	100.0	54.666666666666664
46	1	test	None	312	None	12	91.66667175292969	91.66667175292969	91.66667175292969	100.0	25.0
46	1	train	None	312	None	12	94.85743713378906	94.85743713378906	94.85743713378906	100.0	52.88461538461539
46	1	test	None	324	None	12	82.50000762939453	82.50000762939453	82.50000762939453	100.0	0.0
46	1	train	None	324	None	12	85.46974182128906	85.46974182128906	85.46974182128906	100.0	12.962962962962962
46	1	test	None	336	None	12	89.99999237060547	89.99999237060547	89.99999237060547	100.0	8.333333333333332
46	1	train	None	336	None	12	92.9032974243164	92.9032974243164	92.9032974243164	100.0	36.904761904761905
46	1	test	None	348	None	12	95.83332824707031	95.83332824707031	95.83332824707031	100.0	41.66666666666667
46	1	train	None	348	None	12	96.60590362548828	96.60590362548828	96.60590362548828	100.0	61.206896551724135
46	1	test	None	36	None	12	75.83333587646484	75.83333587646484	75.83333587646484	100.0	0.0
46	1	train	None	36	None	12	75.64813995361328	75.64813995361328	75.64813995361328	100.0	2.7777777777777777
46	1	test	None	360	None	12	84.16667175292969	84.16667175292969	84.16667938232422	100.0	8.333333333333332
46	1	train	None	360	None	12	91.52457427978516	91.52457427978516	91.52457427978516	100.0	33.88888888888889
46	1	test	None	372	None	12	93.33333587646484	93.33333587646484	93.33333587646484	100.0	33.33333333333333
46	1	train	None	372	None	12	95.52557373046875	95.52557373046875	95.52557373046875	100.0	58.87096774193549
46	1	test	None	384	None	12	86.66667175292969	86.66667175292969	86.66667175292969	100.0	25.0
46	1	train	None	384	None	12	88.35627746582031	88.35627746582031	88.35627746582031	100.0	19.791666666666664
46	1	test	None	396	None	12	97.5	97.5	97.5	100.0	75.0
46	1	train	None	396	None	12	99.18347930908203	99.18347930908203	99.18347930908203	100.0	91.41414141414141
46	1	test	None	408	None	12	99.16666412353516	99.16666412353516	99.16666412353516	100.0	91.66666666666666
46	1	train	None	408	None	12	99.07405090332031	99.07405090332031	99.07405090332031	100.0	88.48039215686273
46	1	test	None	420	None	12	85.00000762939453	85.00000762939453	85.00000762939453	100.0	0.0
46	1	train	None	420	None	12	89.8595962524414	89.8595962524414	89.8595962524414	100.0	27.61904761904762
46	1	test	None	432	None	12	95.0	95.0	95.0	100.0	66.66666666666666
46	1	train	None	432	None	12	98.28697967529297	98.28697967529297	98.28697967529297	100.0	80.78703703703704
46	1	test	None	444	None	12	93.33333587646484	93.33333587646484	93.33333587646484	100.0	41.66666666666667
46	1	train	None	444	None	12	96.30868530273438	96.30868530273438	96.30868530273438	100.0	66.44144144144144
46	1	test	None	456	None	12	95.83332824707031	95.83332824707031	95.83332824707031	100.0	50.0
46	1	train	None	456	None	12	97.05398559570312	97.05398559570312	97.05398559570312	100.0	67.10526315789474
46	1	test	None	468	None	12	95.83332824707031	95.83332824707031	95.83332824707031	100.0	58.333333333333336
46	1	train	None	468	None	12	98.01988220214844	98.01988220214844	98.01988220214844	100.0	81.41025641025641
46	1	test	None	48	None	12	75.83333587646484	75.83333587646484	75.83333587646484	100.0	0.0
46	1	train	None	48	None	12	76.52778625488281	76.52778625488281	76.52778625488281	100.0	0.0
46	1	test	None	480	None	12	97.50000762939453	97.50000762939453	97.50000762939453	100.0	75.0
46	1	train	None	480	None	12	98.37493896484375	98.37493896484375	98.37493896484375	100.0	85.20833333333333
46	1	test	None	492	None	12	94.16665649414062	94.16665649414062	94.16665649414062	100.0	50.0
46	1	train	None	492	None	12	96.7410659790039	96.7410659790039	96.7410659790039	100.0	72.5609756097561
46	1	test	None	504	None	12	97.5	97.5	97.5	100.0	66.66666666666666
46	1	train	None	504	None	12	98.2979965209961	98.2979965209961	98.2979965209961	100.0	83.33333333333334
46	1	test	None	516	None	12	95.83332824707031	95.83332824707031	95.83332824707031	100.0	58.333333333333336
46	1	train	None	516	None	12	95.46710968017578	95.46710968017578	95.46710968017578	100.0	53.48837209302325
46	1	test	None	528	None	12	96.66667175292969	96.66667175292969	96.66667175292969	100.0	66.66666666666666
46	1	train	None	528	None	12	96.29825592041016	96.29825592041016	96.29825592041016	100.0	60.416666666666664
46	1	test	None	540	None	12	91.66665649414062	91.66665649414062	91.66665649414062	100.0	16.666666666666664
46	1	train	None	540	None	12	93.14376831054688	93.14376831054688	93.14376831054688	100.0	35.92592592592593
46	1	test	None	552	None	12	90.0	90.0	90.0	100.0	16.666666666666664
46	1	train	None	552	None	12	91.26985931396484	91.26985931396484	91.26985931396484	100.0	24.456521739130434
46	1	test	None	564	None	12	100.0	100.0	100.0	100.0	100.0
46	1	train	None	564	None	12	99.92119598388672	99.92119598388672	99.92119598388672	100.0	98.04964539007092
46	1	test	None	576	None	12	96.66667175292969	96.66667175292969	96.66667175292969	100.0	66.66666666666666
46	1	train	None	576	None	12	96.4370346069336	96.4370346069336	96.4370346069336	100.0	65.45138888888889
46	1	test	None	588	None	12	95.0	95.0	95.0	100.0	58.333333333333336
46	1	train	None	588	None	12	96.52490997314453	96.52490997314453	96.52490997314453	100.0	68.19727891156462
46	1	test	None	60	None	12	75.0	75.0	75.0	100.0	0.0
46	1	train	None	60	None	12	74.55555725097656	74.55555725097656	74.5555648803711	100.0	1.6666666666666667
46	1	test	None	600	None	12	93.33332061767578	93.33332061767578	93.33332061767578	100.0	33.33333333333333
46	1	train	None	600	None	12	93.87026977539062	93.87026977539062	93.87026977539062	100.0	45.666666666666664
46	1	test	None	72	None	12	72.5	72.5	72.5	100.0	0.0
46	1	train	None	72	None	12	74.62963104248047	74.62963104248047	74.62963104248047	100.0	2.7777777777777777
46	1	test	None	84	None	12	74.16666412353516	74.16666412353516	74.16666412353516	100.0	0.0
46	1	train	None	84	None	12	77.05027770996094	77.05027770996094	77.05027770996094	100.0	2.380952380952381
46	1	test	None	96	None	12	69.16665649414062	69.16665649414062	69.16665649414062	100.0	0.0
46	1	train	None	96	None	12	74.78009033203125	74.78009033203125	74.78009033203125	100.0	3.125
46	1	test	None	108	None	12	75.0	75.0	75.0	100.0	0.0
46	1	train	None	108	None	12	74.36212921142578	74.36212921142578	74.36212921142578	100.0	1.8518518518518516
47	1	test	None	12	None	12	70.83332824707031	70.83332824707031	70.83332824707031	100.0	0.0
47	1	train	None	12	None	12	75.83333587646484	75.83333587646484	75.83333587646484	100.0	8.333333333333332
47	1	test	None	120	None	12	66.66665649414062	66.66665649414062	66.66665649414062	100.0	0.0
47	1	train	None	120	None	12	73.46295928955078	73.46295928955078	73.46295928955078	100.0	2.5
47	1	test	None	132	None	12	69.16666412353516	69.16666412353516	69.16666412353516	100.0	0.0
47	1	train	None	132	None	12	75.57237243652344	75.57237243652344	75.57237243652344	100.0	3.0303030303030303
47	1	test	None	144	None	12	77.5	77.5	77.5	100.0	0.0
47	1	train	None	144	None	12	81.6358413696289	81.6358413696289	81.6358413696289	100.0	3.4722222222222223
47	1	test	None	156	None	12	71.66666412353516	71.66666412353516	71.66667175292969	100.0	0.0
47	1	train	None	156	None	12	75.94019317626953	75.94019317626953	75.94019317626953	100.0	4.487179487179487
47	1	test	None	168	None	12	75.83334350585938	75.83334350585938	75.83334350585938	100.0	0.0
47	1	train	None	168	None	12	81.19050598144531	81.19050598144531	81.19050598144531	100.0	5.952380952380952
47	1	test	None	180	None	12	77.5	77.5	77.50000762939453	100.0	0.0
47	1	train	None	180	None	12	81.69754028320312	81.69754028320312	81.69754028320312	100.0	7.222222222222221
47	1	test	None	192	None	12	78.33332824707031	78.33332824707031	78.33333587646484	100.0	0.0
47	1	train	None	192	None	12	81.9907455444336	81.9907455444336	81.9907455444336	100.0	7.291666666666667
47	1	test	None	204	None	12	76.66666412353516	76.66666412353516	76.66666412353516	100.0	0.0
47	1	train	None	204	None	12	81.93353271484375	81.93353271484375	81.93353271484375	100.0	7.8431372549019605
47	1	test	None	216	None	12	80.00001525878906	80.00001525878906	80.00001525878906	100.0	8.333333333333332
47	1	train	None	216	None	12	86.61517333984375	86.61517333984375	86.61517333984375	100.0	17.59259259259259
47	1	test	None	228	None	12	81.66666412353516	81.66666412353516	81.66666412353516	100.0	0.0
47	1	train	None	228	None	12	87.76310729980469	87.76310729980469	87.76310729980469	100.0	15.350877192982457
47	1	test	None	24	None	12	70.83332824707031	70.83332824707031	70.83332824707031	100.0	0.0
47	1	train	None	24	None	12	73.33332824707031	73.33332824707031	73.33333587646484	100.0	4.166666666666666
47	1	test	None	240	None	12	79.16667175292969	79.16667175292969	79.16667175292969	100.0	0.0
47	1	train	None	240	None	12	81.7823715209961	81.7823715209961	81.7823715209961	100.0	7.083333333333333
47	1	test	None	252	None	12	85.00000762939453	85.00000762939453	85.00000762939453	100.0	8.333333333333332
47	1	train	None	252	None	12	89.38267517089844	89.38267517089844	89.38267517089844	100.0	22.22222222222222
47	1	test	None	264	None	12	79.16667175292969	79.16667175292969	79.16667175292969	100.0	0.0
47	1	train	None	264	None	12	84.2129135131836	84.2129135131836	84.2129135131836	100.0	11.363636363636363
47	1	test	None	276	None	12	95.83332824707031	95.83332824707031	95.83332824707031	100.0	58.333333333333336
47	1	train	None	276	None	12	97.49594116210938	97.49594116210938	97.49594116210938	100.0	70.28985507246377
47	1	test	None	288	None	12	90.83332824707031	90.83332824707031	90.83332824707031	100.0	16.666666666666664
47	1	train	None	288	None	12	93.72674560546875	93.72674560546875	93.72674560546875	100.0	44.79166666666667
47	1	test	None	300	None	12	91.66665649414062	91.66665649414062	91.66665649414062	100.0	16.666666666666664
47	1	train	None	300	None	12	94.97028350830078	94.97028350830078	94.97028350830078	100.0	51.0
47	1	test	None	312	None	12	82.5	82.5	82.50000762939453	100.0	0.0
47	1	train	None	312	None	12	86.55615234375	86.55615234375	86.55615234375	100.0	14.102564102564102
47	1	test	None	324	None	12	91.66667175292969	91.66667175292969	91.66667175292969	100.0	25.0
47	1	train	None	324	None	12	94.57122802734375	94.57122802734375	94.57122802734375	100.0	52.160493827160494
47	1	test	None	336	None	12	94.16665649414062	94.16665649414062	94.16666412353516	100.0	50.0
47	1	train	None	336	None	12	97.4536361694336	97.4536361694336	97.4536361694336	100.0	72.91666666666666
47	1	test	None	348	None	12	94.16665649414062	94.16665649414062	94.16665649414062	100.0	41.66666666666667
47	1	train	None	348	None	12	97.78089904785156	97.78089904785156	97.78089904785156	100.0	77.29885057471265
47	1	test	None	36	None	12	63.33333206176758	63.33333206176758	63.33333206176758	100.0	0.0
47	1	train	None	36	None	12	72.50000762939453	72.50000762939453	72.50001525878906	100.0	0.0
47	1	test	None	360	None	12	85.83333587646484	85.83333587646484	85.83333587646484	100.0	0.0
47	1	train	None	360	None	12	90.51527404785156	90.51527404785156	90.51527404785156	100.0	27.77777777777778
47	1	test	None	372	None	12	96.66666412353516	96.66666412353516	96.66666412353516	100.0	66.66666666666666
47	1	train	None	372	None	12	96.60980987548828	96.60980987548828	96.60980987548828	100.0	69.35483870967742
47	1	test	None	384	None	12	88.33333587646484	88.33333587646484	88.33333587646484	100.0	8.333333333333332
47	1	train	None	384	None	12	92.07737731933594	92.07737731933594	92.07737731933594	100.0	32.29166666666667
47	1	test	None	396	None	12	95.0	95.0	95.0	100.0	58.333333333333336
47	1	train	None	396	None	12	96.85173797607422	96.85173797607422	96.85173797607422	100.0	66.66666666666666
47	1	test	None	408	None	12	93.33332061767578	93.33332061767578	93.33332061767578	100.0	25.0
47	1	train	None	408	None	12	95.17414093017578	95.17414093017578	95.17414093017578	100.0	49.754901960784316
47	1	test	None	420	None	12	97.5	97.5	97.5	100.0	75.0
47	1	train	None	420	None	12	98.92061614990234	98.92061614990234	98.92061614990234	100.0	92.38095238095238
47	1	test	None	432	None	12	94.16665649414062	94.16665649414062	94.16665649414062	100.0	33.33333333333333
47	1	train	None	432	None	12	96.18297576904297	96.18297576904297	96.18297576904297	100.0	54.629629629629626
47	1	test	None	444	None	12	94.16666412353516	94.16666412353516	94.16666412353516	100.0	58.333333333333336
47	1	train	None	444	None	12	94.88224029541016	94.88224029541016	94.88224029541016	100.0	62.16216216216216
47	1	test	None	456	None	12	100.0	100.0	100.0	100.0	100.0
47	1	train	None	456	None	12	98.63056182861328	98.63056182861328	98.63056182861328	100.0	83.55263157894737
47	1	test	None	468	None	12	93.33333587646484	93.33333587646484	93.33333587646484	100.0	41.66666666666667
47	1	train	None	468	None	12	96.25341796875	96.25341796875	96.25341796875	100.0	48.29059829059829
47	1	test	None	48	None	12	70.83332824707031	70.83332824707031	70.83332824707031	100.0	0.0
47	1	train	None	48	None	12	75.83334350585938	75.83334350585938	75.83334350585938	100.0	2.083333333333333
47	1	test	None	480	None	12	92.49999237060547	92.49999237060547	92.49999237060547	100.0	25.0
47	1	train	None	480	None	12	92.52983856201172	92.52983856201172	92.52983856201172	100.0	31.25
47	1	test	None	492	None	12	100.0	100.0	100.0	100.0	100.0
47	1	train	None	492	None	12	99.85771942138672	99.85771942138672	99.85771942138672	100.0	94.51219512195121
47	1	test	None	504	None	12	95.0	95.0	95.0	100.0	50.0
47	1	train	None	504	None	12	95.87507629394531	95.87507629394531	95.87507629394531	100.0	63.49206349206349
47	1	test	None	516	None	12	98.33333587646484	98.33333587646484	98.33333587646484	100.0	83.33333333333334
47	1	train	None	516	None	12	98.56584167480469	98.56584167480469	98.56584167480469	100.0	82.94573643410853
47	1	test	None	528	None	12	94.16665649414062	94.16665649414062	94.16665649414062	100.0	41.66666666666667
47	1	train	None	528	None	12	93.80870056152344	93.80870056152344	93.80870056152344	100.0	44.696969696969695
47	1	test	None	540	None	12	88.33332824707031	88.33332824707031	88.33332824707031	100.0	8.333333333333332
47	1	train	None	540	None	12	92.62733459472656	92.62733459472656	92.62733459472656	100.0	26.296296296296294
47	1	test	None	552	None	12	91.66665649414062	91.66665649414062	91.66665649414062	100.0	25.0
47	1	train	None	552	None	12	94.43415832519531	94.43415832519531	94.43415832519531	100.0	47.46376811594203
47	1	test	None	564	None	12	99.16666412353516	99.16666412353516	99.16666412353516	100.0	83.33333333333334
47	1	train	None	564	None	12	98.29584503173828	98.29584503173828	98.29584503173828	100.0	79.60992907801419
47	1	test	None	576	None	12	93.33332061767578	93.33332061767578	93.33332061767578	100.0	41.66666666666667
47	1	train	None	576	None	12	94.02760314941406	94.02760314941406	94.02760314941406	100.0	43.75
47	1	test	None	588	None	12	93.33333587646484	93.33333587646484	93.33333587646484	100.0	41.66666666666667
47	1	train	None	588	None	12	95.34004974365234	95.34004974365234	95.34004974365234	100.0	58.16326530612245
47	1	test	None	60	None	12	65.0	65.0	65.0	100.0	0.0
47	1	train	None	60	None	12	70.33334350585938	70.33334350585938	70.33334350585938	100.0	0.0
47	1	test	None	600	None	12	90.83332061767578	90.83332061767578	90.83332061767578	100.0	16.666666666666664
47	1	train	None	600	None	12	96.04254913330078	96.04254913330078	96.04254913330078	100.0	61.33333333333333
47	1	test	None	72	None	12	65.83332824707031	65.83332824707031	65.83332824707031	100.0	0.0
47	1	train	None	72	None	12	71.45059967041016	71.45059967041016	71.45059967041016	100.0	2.7777777777777777
47	1	test	None	84	None	12	75.83332824707031	75.83332824707031	75.83332824707031	100.0	0.0
47	1	train	None	84	None	12	78.38623809814453	78.38623809814453	78.38623809814453	100.0	2.380952380952381
47	1	test	None	96	None	12	66.66666412353516	66.66666412353516	66.66666412353516	100.0	0.0
47	1	train	None	96	None	12	73.7268295288086	73.7268295288086	73.7268295288086	100.0	3.125
47	1	test	None	108	None	12	68.33333587646484	68.33333587646484	68.33333587646484	100.0	0.0
47	1	train	None	108	None	12	74.57819366455078	74.57819366455078	74.57819366455078	100.0	4.62962962962963
48	1	test	None	12	None	12	78.33332824707031	78.33332824707031	78.33332824707031	100.0	0.0
48	1	train	None	12	None	12	81.20370483398438	81.20370483398438	81.20370483398438	100.0	8.333333333333332
48	1	test	None	120	None	12	77.5	77.5	77.5	100.0	0.0
48	1	train	None	120	None	12	80.33336639404297	80.33336639404297	80.33336639404297	100.0	1.6666666666666667
48	1	test	None	132	None	12	75.83333587646484	75.83333587646484	75.83333587646484	100.0	0.0
48	1	train	None	132	None	12	79.49498748779297	79.49498748779297	79.49498748779297	100.0	4.545454545454546
48	1	test	None	144	None	12	76.66667175292969	76.66667175292969	76.66667175292969	100.0	0.0
48	1	train	None	144	None	12	83.60343933105469	83.60343933105469	83.60343933105469	100.0	9.722222222222223
48	1	test	None	156	None	12	77.49999237060547	77.49999237060547	77.49999237060547	100.0	0.0
48	1	train	None	156	None	12	82.3647232055664	82.3647232055664	82.3647232055664	100.0	5.769230769230769
48	1	test	None	168	None	12	76.66666412353516	76.66666412353516	76.66667175292969	100.0	0.0
48	1	train	None	168	None	12	79.29894256591797	79.29894256591797	79.29894256591797	100.0	1.7857142857142856
48	1	test	None	180	None	12	76.66666412353516	76.66666412353516	76.66667175292969	100.0	0.0
48	1	train	None	180	None	12	78.88890838623047	78.88890838623047	78.88890838623047	100.0	1.6666666666666667
48	1	test	None	192	None	12	79.16667175292969	79.16667175292969	79.16667175292969	100.0	0.0
48	1	train	None	192	None	12	83.85997009277344	83.85997009277344	83.85997009277344	100.0	4.6875
48	1	test	None	204	None	12	79.99999237060547	79.99999237060547	79.99999237060547	100.0	0.0
48	1	train	None	204	None	12	80.860595703125	80.860595703125	80.860595703125	100.0	2.941176470588235
48	1	test	None	216	None	12	77.49999237060547	77.49999237060547	77.49999237060547	100.0	0.0
48	1	train	None	216	None	12	80.82821655273438	80.82821655273438	80.82821655273438	100.0	4.166666666666666
48	1	test	None	228	None	12	81.66666412353516	81.66666412353516	81.66666412353516	100.0	8.333333333333332
48	1	train	None	228	None	12	87.02240753173828	87.02240753173828	87.02240753173828	100.0	16.666666666666664
48	1	test	None	24	None	12	71.66666412353516	71.66666412353516	71.66666412353516	100.0	0.0
48	1	train	None	24	None	12	77.68519592285156	77.68519592285156	77.68518829345703	100.0	8.333333333333332
48	1	test	None	240	None	12	83.33334350585938	83.33334350585938	83.33334350585938	100.0	0.0
48	1	train	None	240	None	12	87.29622650146484	87.29622650146484	87.29622650146484	100.0	12.5
48	1	test	None	252	None	12	84.16667175292969	84.16667175292969	84.16667175292969	100.0	0.0
48	1	train	None	252	None	12	87.57051849365234	87.57051849365234	87.57051849365234	100.0	17.063492063492063
48	1	test	None	264	None	12	83.33332824707031	83.33332824707031	83.33332824707031	100.0	0.0
48	1	train	None	264	None	12	80.25251007080078	80.25251007080078	80.25251007080078	100.0	6.8181818181818175
48	1	test	None	276	None	12	90.83332061767578	90.83332061767578	90.83332061767578	100.0	0.0
48	1	train	None	276	None	12	95.98621368408203	95.98621368408203	95.98621368408203	100.0	57.608695652173914
48	1	test	None	288	None	12	90.0	90.0	90.0	100.0	8.333333333333332
48	1	train	None	288	None	12	91.50839233398438	91.50839233398438	91.50839233398438	100.0	29.86111111111111
48	1	test	None	300	None	12	87.5	87.5	87.5	100.0	8.333333333333332
48	1	train	None	300	None	12	88.52586364746094	88.52586364746094	88.52586364746094	100.0	20.666666666666668
48	1	test	None	312	None	12	85.0	85.0	85.00000762939453	100.0	0.0
48	1	train	None	312	None	12	87.51412963867188	87.51412963867188	87.51412963867188	100.0	14.102564102564102
48	1	test	None	324	None	12	85.83333587646484	85.83333587646484	85.83333587646484	100.0	8.333333333333332
48	1	train	None	324	None	12	90.21929168701172	90.21929168701172	90.21929168701172	100.0	26.543209876543212
48	1	test	None	336	None	12	92.49999237060547	92.49999237060547	92.49999237060547	100.0	25.0
48	1	train	None	336	None	12	92.4899673461914	92.4899673461914	92.4899673461914	100.0	42.55952380952381
48	1	test	None	348	None	12	89.99999237060547	89.99999237060547	89.99999237060547	100.0	8.333333333333332
48	1	train	None	348	None	12	92.01128387451172	92.01128387451172	92.01128387451172	100.0	27.586206896551722
48	1	test	None	36	None	12	78.33333587646484	78.33333587646484	78.33333587646484	100.0	0.0
48	1	train	None	36	None	12	78.456787109375	78.456787109375	78.456787109375	100.0	0.0
48	1	test	None	360	None	12	90.0	90.0	90.0	100.0	16.666666666666664
48	1	train	None	360	None	12	92.77140808105469	92.77140808105469	92.77140808105469	100.0	37.5
48	1	test	None	372	None	12	90.0	90.0	90.0	100.0	25.0
48	1	train	None	372	None	12	85.35530853271484	85.35530853271484	85.35530853271484	100.0	10.21505376344086
48	1	test	None	384	None	12	90.0	90.0	90.00000762939453	100.0	41.66666666666667
48	1	train	None	384	None	12	93.49523162841797	93.49523162841797	93.49523162841797	100.0	42.44791666666667
48	1	test	None	396	None	12	92.49999237060547	92.49999237060547	92.49999237060547	100.0	41.66666666666667
48	1	train	None	396	None	12	94.14128112792969	94.14128112792969	94.14128112792969	100.0	45.20202020202021
48	1	test	None	408	None	12	84.16666412353516	84.16666412353516	84.16666412353516	100.0	0.0
48	1	train	None	408	None	12	89.81193542480469	89.81193542480469	89.81193542480469	100.0	22.058823529411764
48	1	test	None	420	None	12	84.16667175292969	84.16667175292969	84.16667938232422	100.0	0.0
48	1	train	None	420	None	12	85.00516510009766	85.00516510009766	85.00516510009766	100.0	9.047619047619047
48	1	test	None	432	None	12	93.33333587646484	93.33333587646484	93.33333587646484	100.0	33.33333333333333
48	1	train	None	432	None	12	94.79405212402344	94.79405212402344	94.79405212402344	100.0	50.92592592592593
48	1	test	None	444	None	12	83.33332824707031	83.33332824707031	83.33332824707031	100.0	16.666666666666664
48	1	train	None	444	None	12	86.47125244140625	86.47125244140625	86.47125244140625	100.0	13.963963963963963
48	1	test	None	456	None	12	82.5	82.5	82.50000762939453	100.0	0.0
48	1	train	None	456	None	12	86.63233184814453	86.63233184814453	86.63233184814453	100.0	10.964912280701753
48	1	test	None	468	None	12	80.83332061767578	80.83332061767578	80.83333587646484	100.0	0.0
48	1	train	None	468	None	12	89.60088348388672	89.60088348388672	89.60088348388672	100.0	19.444444444444446
48	1	test	None	48	None	12	80.0	80.0	80.0	100.0	0.0
48	1	train	None	48	None	12	76.29630279541016	76.29630279541016	76.29630279541016	100.0	2.083333333333333
48	1	test	None	480	None	12	95.83332824707031	95.83332824707031	95.83332824707031	100.0	58.333333333333336
48	1	train	None	480	None	12	96.21513366699219	96.21513366699219	96.21513366699219	100.0	63.541666666666664
48	1	test	None	492	None	12	95.83332824707031	95.83332824707031	95.83332824707031	100.0	58.333333333333336
48	1	train	None	492	None	12	96.29389190673828	96.29389190673828	96.29389190673828	100.0	60.97560975609756
48	1	test	None	504	None	12	90.83332061767578	90.83332061767578	90.83332061767578	100.0	16.666666666666664
48	1	train	None	504	None	12	91.0976333618164	91.0976333618164	91.0976333618164	100.0	29.365079365079367
48	1	test	None	516	None	12	96.66667175292969	96.66667175292969	96.66667175292969	100.0	75.0
48	1	train	None	516	None	12	97.61834716796875	97.61834716796875	97.61834716796875	100.0	72.28682170542635
48	1	test	None	528	None	12	97.50000762939453	97.50000762939453	97.50000762939453	100.0	75.0
48	1	train	None	528	None	12	96.61183166503906	96.61183166503906	96.61183166503906	100.0	68.56060606060606
48	1	test	None	540	None	12	100.0	100.0	100.0	100.0	100.0
48	1	train	None	540	None	12	99.85801696777344	99.85801696777344	99.85801696777344	100.0	97.96296296296296
48	1	test	None	552	None	12	96.66666412353516	96.66666412353516	96.66666412353516	100.0	66.66666666666666
48	1	train	None	552	None	12	97.2402572631836	97.2402572631836	97.2402572631836	100.0	72.64492753623189
48	1	test	None	564	None	12	96.66666412353516	96.66666412353516	96.66666412353516	100.0	66.66666666666666
48	1	train	None	564	None	12	95.85685729980469	95.85685729980469	95.85685729980469	100.0	57.446808510638306
48	1	test	None	576	None	12	99.16666412353516	99.16666412353516	99.16666412353516	100.0	91.66666666666666
48	1	train	None	576	None	12	98.92167663574219	98.92167663574219	98.92167663574219	100.0	87.32638888888889
48	1	test	None	588	None	12	95.83332824707031	95.83332824707031	95.83332824707031	100.0	58.333333333333336
48	1	train	None	588	None	12	96.27357482910156	96.27357482910156	96.27357482910156	100.0	60.8843537414966
48	1	test	None	60	None	12	81.66667938232422	81.66667938232422	81.66667938232422	100.0	0.0
48	1	train	None	60	None	12	77.37037658691406	77.37037658691406	77.37037658691406	100.0	1.6666666666666667
48	1	test	None	600	None	12	100.0	100.0	100.0	100.0	91.66666666666666
48	1	train	None	600	None	12	99.9129638671875	99.9129638671875	99.9129638671875	100.0	87.5
48	1	test	None	72	None	12	74.16666412353516	74.16666412353516	74.16666412353516	100.0	0.0
48	1	train	None	72	None	12	74.56791687011719	74.56791687011719	74.56791687011719	100.0	4.166666666666666
48	1	test	None	84	None	12	75.83333587646484	75.83333587646484	75.83333587646484	100.0	0.0
48	1	train	None	84	None	12	77.67196655273438	77.67196655273438	77.67196655273438	100.0	1.1904761904761905
48	1	test	None	96	None	12	77.5	77.5	77.5	100.0	0.0
48	1	train	None	96	None	12	80.62503051757812	80.62503051757812	80.62503051757812	100.0	3.125
48	1	test	None	108	None	12	74.99999237060547	74.99999237060547	75.0	100.0	0.0
48	1	train	None	108	None	12	80.78191375732422	80.78191375732422	80.78191375732422	100.0	2.7777777777777777
49	1	test	None	12	None	12	76.1111068725586	76.1111068725586	76.1111068725586	100.0	0.0
49	1	train	None	12	None	12	78.05555725097656	78.05555725097656	78.05555725097656	100.0	0.0
49	1	test	None	120	None	12	71.20370483398438	71.20370483398438	71.20370483398438	100.0	0.0
49	1	train	None	120	None	12	77.48149108886719	77.48149108886719	77.48149108886719	100.0	2.5
49	1	test	None	132	None	12	78.05555725097656	78.05555725097656	78.05555725097656	100.0	16.666666666666664
49	1	train	None	132	None	12	80.29464721679688	80.29464721679688	80.29464721679688	100.0	9.848484848484848
49	1	test	None	144	None	12	79.53703308105469	79.53703308105469	79.53703308105469	100.0	0.0
49	1	train	None	144	None	12	81.20374298095703	81.20374298095703	81.20374298095703	100.0	5.555555555555555
49	1	test	None	156	None	12	82.22222137451172	82.22222137451172	82.22222137451172	100.0	0.0
49	1	train	None	156	None	12	82.22227478027344	82.22227478027344	82.22227478027344	100.0	4.487179487179487
49	1	test	None	168	None	12	74.81481170654297	74.81481170654297	74.81481170654297	100.0	0.0
49	1	train	None	168	None	12	77.42724609375	77.42724609375	77.42724609375	100.0	3.571428571428571
49	1	test	None	180	None	12	80.64813995361328	80.64813995361328	80.64813995361328	100.0	8.333333333333332
49	1	train	None	180	None	12	83.98152160644531	83.98152160644531	83.98152160644531	100.0	7.222222222222221
49	1	test	None	192	None	12	73.70369720458984	73.70369720458984	73.70369720458984	100.0	0.0
49	1	train	None	192	None	12	83.10765838623047	83.10765838623047	83.10765838623047	100.0	8.854166666666668
49	1	test	None	204	None	12	80.370361328125	80.370361328125	80.37036895751953	100.0	0.0
49	1	train	None	204	None	12	84.29195404052734	84.29195404052734	84.29195404052734	100.0	9.803921568627452
49	1	test	None	216	None	12	82.87036895751953	82.87036895751953	82.87036895751953	100.0	8.333333333333332
49	1	train	None	216	None	12	83.6008071899414	83.6008071899414	83.6008071899414	100.0	7.87037037037037
49	1	test	None	228	None	12	81.20369720458984	81.20369720458984	81.20369720458984	100.0	0.0
49	1	train	None	228	None	12	84.55166625976562	84.55166625976562	84.55166625976562	100.0	12.719298245614036
49	1	test	None	24	None	12	74.44444274902344	74.44444274902344	74.44444274902344	100.0	0.0
49	1	train	None	24	None	12	80.13887786865234	80.13887786865234	80.13887786865234	100.0	4.166666666666666
49	1	test	None	240	None	12	90.83332824707031	90.83332824707031	90.83332824707031	100.0	25.0
49	1	train	None	240	None	12	89.63419342041016	89.63419342041016	89.63419342041016	100.0	17.916666666666668
49	1	test	None	252	None	12	85.46295928955078	85.46295928955078	85.46295928955078	100.0	8.333333333333332
49	1	train	None	252	None	12	88.68602752685547	88.68602752685547	88.68602752685547	100.0	22.61904761904762
49	1	test	None	264	None	12	86.3888931274414	86.3888931274414	86.3888931274414	100.0	16.666666666666664
49	1	train	None	264	None	12	91.03952026367188	91.03952026367188	91.03952026367188	100.0	29.545454545454547
49	1	test	None	276	None	12	87.31481170654297	87.31481170654297	87.31481170654297	100.0	16.666666666666664
49	1	train	None	276	None	12	91.52164459228516	91.52164459228516	91.52164459228516	100.0	34.05797101449276
49	1	test	None	288	None	12	89.07408142089844	89.07408142089844	89.07408142089844	100.0	25.0
49	1	train	None	288	None	12	93.58786010742188	93.58786010742188	93.58786010742188	100.0	39.93055555555556
49	1	test	None	300	None	12	95.74073791503906	95.74073791503906	95.74073791503906	100.0	58.333333333333336
49	1	train	None	300	None	12	97.25177001953125	97.25177001953125	97.25177001953125	100.0	73.66666666666667
49	1	test	None	312	None	12	90.55554962158203	90.55554962158203	90.55554962158203	100.0	50.0
49	1	train	None	312	None	12	94.80409240722656	94.80409240722656	94.80409240722656	100.0	58.65384615384615
49	1	test	None	324	None	12	87.22222137451172	87.22222137451172	87.22222137451172	100.0	8.333333333333332
49	1	train	None	324	None	12	88.32293701171875	88.32293701171875	88.32293701171875	100.0	17.59259259259259
49	1	test	None	336	None	12	99.07408142089844	99.07408142089844	99.07408142089844	100.0	91.66666666666666
49	1	train	None	336	None	12	98.59452819824219	98.59452819824219	98.59452819824219	100.0	83.33333333333334
49	1	test	None	348	None	12	94.81480407714844	94.81480407714844	94.81480407714844	100.0	66.66666666666666
49	1	train	None	348	None	12	97.11040496826172	97.11040496826172	97.11040496826172	100.0	78.44827586206897
49	1	test	None	36	None	12	71.20370483398438	71.20370483398438	71.20370483398438	100.0	0.0
49	1	train	None	36	None	12	72.56172180175781	72.56172180175781	72.56172180175781	100.0	2.7777777777777777
49	1	test	None	360	None	12	89.90740203857422	89.90740203857422	89.90740203857422	100.0	16.666666666666664
49	1	train	None	360	None	12	93.08313751220703	93.08313751220703	93.08313751220703	100.0	33.05555555555556
49	1	test	None	372	None	12	93.05554962158203	93.05554962158203	93.05554962158203	100.0	16.666666666666664
49	1	train	None	372	None	12	92.99564361572266	92.99564361572266	92.99564361572266	100.0	31.72043010752688
49	1	test	None	384	None	12	94.90740203857422	94.90740203857422	94.90740203857422	100.0	58.333333333333336
49	1	train	None	384	None	12	97.17293548583984	97.17293548583984	97.17293548583984	100.0	70.83333333333334
49	1	test	None	396	None	12	93.98148345947266	93.98148345947266	93.98148345947266	100.0	50.0
49	1	train	None	396	None	12	95.24398803710938	95.24398803710938	95.24398803710938	100.0	51.76767676767676
49	1	test	None	408	None	12	94.72221374511719	94.72221374511719	94.72221374511719	100.0	33.33333333333333
49	1	train	None	408	None	12	95.75967407226562	95.75967407226562	95.75967407226562	100.0	53.18627450980392
49	1	test	None	420	None	12	97.3148193359375	97.3148193359375	97.3148193359375	100.0	75.0
49	1	train	None	420	None	12	99.20631408691406	99.20631408691406	99.20631408691406	100.0	90.71428571428571
49	1	test	None	432	None	12	93.98147583007812	93.98147583007812	93.98147583007812	100.0	41.66666666666667
49	1	train	None	432	None	12	96.65367889404297	96.65367889404297	96.65367889404297	100.0	66.89814814814815
49	1	test	None	444	None	12	87.3148193359375	87.3148193359375	87.3148193359375	100.0	25.0
49	1	train	None	444	None	12	91.89921569824219	91.89921569824219	91.89921569824219	100.0	35.585585585585584
49	1	test	None	456	None	12	97.40740966796875	97.40740966796875	97.40740966796875	100.0	75.0
49	1	train	None	456	None	12	98.1017837524414	98.1017837524414	98.1017837524414	100.0	79.82456140350878
49	1	test	None	468	None	12	96.48148345947266	96.48148345947266	96.48148345947266	100.0	75.0
49	1	train	None	468	None	12	98.45436096191406	98.45436096191406	98.45436096191406	100.0	84.61538461538461
49	1	test	None	48	None	12	77.03704071044922	77.03704071044922	77.03704071044922	100.0	0.0
49	1	train	None	48	None	12	75.27777862548828	75.27777862548828	75.27777862548828	100.0	4.166666666666666
49	1	test	None	480	None	12	98.24073791503906	98.24073791503906	98.24073791503906	100.0	83.33333333333334
49	1	train	None	480	None	12	97.19896697998047	97.19896697998047	97.19896697998047	100.0	70.41666666666667
49	1	test	None	492	None	12	89.62962341308594	89.62962341308594	89.62962341308594	100.0	25.0
49	1	train	None	492	None	12	92.07972717285156	92.07972717285156	92.07972717285156	100.0	34.34959349593496
49	1	test	None	504	None	12	85.46295928955078	85.46295928955078	85.46295928955078	100.0	0.0
49	1	train	None	504	None	12	89.72415161132812	89.72415161132812	89.72415161132812	100.0	20.238095238095237
49	1	test	None	516	None	12	94.90739440917969	94.90739440917969	94.90740203857422	100.0	58.333333333333336
49	1	train	None	516	None	12	97.26947784423828	97.26947784423828	97.26947784423828	100.0	72.67441860465115
49	1	test	None	528	None	12	98.33332824707031	98.33332824707031	98.33332824707031	100.0	83.33333333333334
49	1	train	None	528	None	12	99.00880432128906	99.00880432128906	99.00880432128906	100.0	88.4469696969697
49	1	test	None	540	None	12	88.14814758300781	88.14814758300781	88.14814758300781	100.0	0.0
49	1	train	None	540	None	12	91.3968276977539	91.3968276977539	91.3968276977539	100.0	25.0
49	1	test	None	552	None	12	98.33333587646484	98.33333587646484	98.33333587646484	100.0	83.33333333333334
49	1	train	None	552	None	12	97.68714141845703	97.68714141845703	97.68714141845703	100.0	76.63043478260869
49	1	test	None	564	None	12	100.0	100.0	100.0	100.0	91.66666666666666
49	1	train	None	564	None	12	99.87590026855469	99.87590026855469	99.87590026855469	100.0	97.16312056737588
49	1	test	None	576	None	12	95.74073791503906	95.74073791503906	95.74073791503906	100.0	58.333333333333336
49	1	train	None	576	None	12	97.41893768310547	97.41893768310547	97.41893768310547	100.0	73.61111111111111
49	1	test	None	588	None	12	98.33333587646484	98.33333587646484	98.33333587646484	100.0	83.33333333333334
49	1	train	None	588	None	12	99.10806274414062	99.10806274414062	99.10806274414062	100.0	88.09523809523809
49	1	test	None	60	None	12	77.870361328125	77.870361328125	77.87036895751953	100.0	0.0
49	1	train	None	60	None	12	77.61109924316406	77.61109924316406	77.61109924316406	100.0	1.6666666666666667
49	1	test	None	600	None	12	88.14814758300781	88.14814758300781	88.14814758300781	100.0	8.333333333333332
49	1	train	None	600	None	12	90.54979705810547	90.54979705810547	90.54979705810547	100.0	19.0
49	1	test	None	72	None	12	72.03703308105469	72.03703308105469	72.03703308105469	100.0	0.0
49	1	train	None	72	None	12	76.12655639648438	76.12655639648438	76.12655639648438	100.0	5.555555555555555
49	1	test	None	84	None	12	72.77777862548828	72.77777862548828	72.77777862548828	100.0	0.0
49	1	train	None	84	None	12	76.2169418334961	76.2169418334961	76.2169418334961	100.0	2.380952380952381
49	1	test	None	96	None	12	72.77777862548828	72.77777862548828	72.77778625488281	100.0	0.0
49	1	train	None	96	None	12	73.98148345947266	73.98148345947266	73.98148345947266	100.0	2.083333333333333
49	1	test	None	108	None	12	74.44444274902344	74.44444274902344	74.44444274902344	100.0	0.0
49	1	train	None	108	None	12	77.77778625488281	77.77778625488281	77.77778625488281	100.0	1.8518518518518516
50	1	test	None	12	None	12	77.22222137451172	77.22222137451172	77.22222900390625	100.0	0.0
50	1	train	None	12	None	12	83.14814758300781	83.14814758300781	83.14814758300781	100.0	8.333333333333332
50	1	test	None	120	None	12	74.72222137451172	74.72222137451172	74.72222137451172	100.0	0.0
50	1	train	None	120	None	12	77.87962341308594	77.87962341308594	77.87962341308594	100.0	4.166666666666666
50	1	test	None	132	None	12	73.98147583007812	73.98147583007812	73.98147583007812	100.0	0.0
50	1	train	None	132	None	12	75.968017578125	75.968017578125	75.968017578125	100.0	3.0303030303030303
50	1	test	None	144	None	12	72.96296691894531	72.96296691894531	72.96296691894531	100.0	0.0
50	1	train	None	144	None	12	79.1512451171875	79.1512451171875	79.1512451171875	100.0	6.25
50	1	test	None	156	None	12	77.22221374511719	77.22221374511719	77.22221374511719	100.0	0.0
50	1	train	None	156	None	12	83.24790954589844	83.24790954589844	83.24790954589844	100.0	8.974358974358974
50	1	test	None	168	None	12	84.81481170654297	84.81481170654297	84.81481170654297	100.0	16.666666666666664
50	1	train	None	168	None	12	86.79898071289062	86.79898071289062	86.79898071289062	100.0	16.666666666666664
50	1	test	None	180	None	12	75.5555419921875	75.5555419921875	75.55555725097656	100.0	0.0
50	1	train	None	180	None	12	82.25926208496094	82.25926208496094	82.25926208496094	100.0	8.88888888888889
50	1	test	None	192	None	12	78.88888549804688	78.88888549804688	78.88888549804688	100.0	0.0
50	1	train	None	192	None	12	79.08565521240234	79.08565521240234	79.08565521240234	100.0	3.125
50	1	test	None	204	None	12	87.31481170654297	87.31481170654297	87.31481170654297	100.0	16.666666666666664
50	1	train	None	204	None	12	91.70476531982422	91.70476531982422	91.70476531982422	100.0	36.27450980392157
50	1	test	None	216	None	12	83.14814758300781	83.14814758300781	83.14815521240234	100.0	0.0
50	1	train	None	216	None	12	90.69441223144531	90.69441223144531	90.69441223144531	100.0	29.629629629629626
50	1	test	None	228	None	12	89.81481170654297	89.81481170654297	89.81481170654297	100.0	16.666666666666664
50	1	train	None	228	None	12	92.1490707397461	92.1490707397461	92.1490707397461	100.0	36.84210526315789
50	1	test	None	24	None	12	76.2962875366211	76.2962875366211	76.2962875366211	100.0	0.0
50	1	train	None	24	None	12	80.55554962158203	80.55554962158203	80.55554962158203	100.0	0.0
50	1	test	None	240	None	12	84.81481170654297	84.81481170654297	84.81481170654297	100.0	0.0
50	1	train	None	240	None	12	87.91195678710938	87.91195678710938	87.91195678710938	100.0	19.583333333333332
50	1	test	None	252	None	12	87.31481170654297	87.31481170654297	87.31481170654297	100.0	8.333333333333332
50	1	train	None	252	None	12	89.60749816894531	89.60749816894531	89.60749816894531	100.0	19.444444444444446
50	1	test	None	264	None	12	93.33332061767578	93.33332061767578	93.33332061767578	100.0	25.0
50	1	train	None	264	None	12	93.50580596923828	93.50580596923828	93.50580596923828	100.0	41.28787878787879
50	1	test	None	276	None	12	85.64814758300781	85.64814758300781	85.64814758300781	100.0	0.0
50	1	train	None	276	None	12	91.44515991210938	91.44515991210938	91.44515991210938	100.0	31.15942028985507
50	1	test	None	288	None	12	87.31481170654297	87.31481170654297	87.31481170654297	100.0	8.333333333333332
50	1	train	None	288	None	12	89.42121887207031	89.42121887207031	89.42121887207031	100.0	21.52777777777778
50	1	test	None	300	None	12	86.66667175292969	86.66667175292969	86.66667175292969	100.0	16.666666666666664
50	1	train	None	300	None	12	87.39994049072266	87.39994049072266	87.39994049072266	100.0	13.666666666666666
50	1	test	None	312	None	12	77.96296691894531	77.96296691894531	77.96296691894531	100.0	0.0
50	1	train	None	312	None	12	82.2221908569336	82.2221908569336	82.2221908569336	100.0	8.012820512820513
50	1	test	None	324	None	12	85.64813995361328	85.64813995361328	85.64813995361328	100.0	8.333333333333332
50	1	train	None	324	None	12	89.67410278320312	89.67410278320312	89.67410278320312	100.0	28.703703703703702
50	1	test	None	336	None	12	94.90740203857422	94.90740203857422	94.90740203857422	100.0	50.0
50	1	train	None	336	None	12	96.18706512451172	96.18706512451172	96.18706512451172	100.0	65.77380952380952
50	1	test	None	348	None	12	92.40740203857422	92.40740203857422	92.40740203857422	100.0	25.0
50	1	train	None	348	None	12	93.55984497070312	93.55984497070312	93.55984497070312	100.0	41.37931034482759
50	1	test	None	36	None	12	77.12962341308594	77.12962341308594	77.12962341308594	100.0	0.0
50	1	train	None	36	None	12	78.02468872070312	78.02468872070312	78.02468872070312	100.0	0.0
50	1	test	None	360	None	12	83.05554962158203	83.05554962158203	83.05554962158203	100.0	0.0
50	1	train	None	360	None	12	88.28071594238281	88.28071594238281	88.28071594238281	100.0	21.38888888888889
50	1	test	None	372	None	12	91.57408142089844	91.57408142089844	91.57408142089844	100.0	33.33333333333333
50	1	train	None	372	None	12	93.24654388427734	93.24654388427734	93.24654388427734	100.0	34.40860215053764
50	1	test	None	384	None	12	95.0	95.0	95.0	100.0	58.333333333333336
50	1	train	None	384	None	12	97.45362091064453	97.45362091064453	97.45362091064453	100.0	75.0
50	1	test	None	396	None	12	93.98148345947266	93.98148345947266	93.98148345947266	100.0	41.66666666666667
50	1	train	None	396	None	12	97.33997344970703	97.33997344970703	97.33997344970703	100.0	70.2020202020202
50	1	test	None	408	None	12	90.64814758300781	90.64814758300781	90.64814758300781	100.0	8.333333333333332
50	1	train	None	408	None	12	90.05697631835938	90.05697631835938	90.05697631835938	100.0	22.794117647058822
50	1	test	None	420	None	12	98.33333587646484	98.33333587646484	98.33333587646484	100.0	83.33333333333334
50	1	train	None	420	None	12	97.51313018798828	97.51313018798828	97.51313018798828	100.0	75.23809523809524
50	1	test	None	432	None	12	93.33332061767578	93.33332061767578	93.33332061767578	100.0	33.33333333333333
50	1	train	None	432	None	12	93.89128875732422	93.89128875732422	93.89128875732422	100.0	47.91666666666667
50	1	test	None	444	None	12	90.0	90.0	90.0	100.0	25.0
50	1	train	None	444	None	12	93.39317321777344	93.39317321777344	93.39317321777344	100.0	45.94594594594595
50	1	test	None	456	None	12	99.16666412353516	99.16666412353516	99.16666412353516	100.0	83.33333333333334
50	1	train	None	456	None	12	99.70271301269531	99.70271301269531	99.70271301269531	100.0	96.05263157894737
50	1	test	None	468	None	12	92.40740966796875	92.40740966796875	92.40740966796875	100.0	33.33333333333333
50	1	train	None	468	None	12	94.56535339355469	94.56535339355469	94.56535339355469	100.0	51.70940170940172
50	1	test	None	48	None	12	79.62963104248047	79.62963104248047	79.62963104248047	100.0	0.0
50	1	train	None	48	None	12	76.78240966796875	76.78240966796875	76.78240966796875	100.0	0.0
50	1	test	None	480	None	12	97.5	97.5	97.5	100.0	75.0
50	1	train	None	480	None	12	97.40730285644531	97.40730285644531	97.40730285644531	100.0	74.58333333333333
50	1	test	None	492	None	12	93.33333587646484	93.33333587646484	93.33333587646484	100.0	41.66666666666667
50	1	train	None	492	None	12	96.29388427734375	96.29388427734375	96.29388427734375	100.0	63.617886178861795
50	1	test	None	504	None	12	93.24073791503906	93.24073791503906	93.24073791503906	100.0	33.33333333333333
50	1	train	None	504	None	12	94.03636169433594	94.03636169433594	94.03636169433594	100.0	40.67460317460318
50	1	test	None	516	None	12	93.2407455444336	93.2407455444336	93.2407455444336	100.0	41.66666666666667
50	1	train	None	516	None	12	96.43827819824219	96.43827819824219	96.43827819824219	100.0	62.98449612403101
50	1	test	None	528	None	12	92.49999237060547	92.49999237060547	92.49999237060547	100.0	25.0
50	1	train	None	528	None	12	92.00519561767578	92.00519561767578	92.00519561767578	100.0	31.62878787878788
50	1	test	None	540	None	12	95.0	95.0	95.0	100.0	66.66666666666666
50	1	train	None	540	None	12	97.84768676757812	97.84768676757812	97.84768676757812	100.0	81.2962962962963
50	1	test	None	552	None	12	95.0	95.0	95.0	100.0	50.0
50	1	train	None	552	None	12	95.1226577758789	95.1226577758789	95.1226577758789	100.0	55.61594202898551
50	1	test	None	564	None	12	87.31481170654297	87.31481170654297	87.31481170654297	100.0	8.333333333333332
50	1	train	None	564	None	12	93.13609313964844	93.13609313964844	93.13609313964844	100.0	31.20567375886525
50	1	test	None	576	None	12	99.16666412353516	99.16666412353516	99.16666412353516	100.0	75.0
50	1	train	None	576	None	12	98.01502227783203	98.01502227783203	98.01502227783203	100.0	80.72916666666666
50	1	test	None	588	None	12	86.48147583007812	86.48147583007812	86.48147583007812	100.0	0.0
50	1	train	None	588	None	12	86.51713562011719	86.51713562011719	86.51713562011719	100.0	11.73469387755102
50	1	test	None	60	None	12	77.96296691894531	77.96296691894531	77.96296691894531	100.0	0.0
50	1	train	None	60	None	12	77.09259033203125	77.09259033203125	77.09259033203125	100.0	3.3333333333333335
50	1	test	None	600	None	12	100.0	100.0	100.0	100.0	100.0
50	1	train	None	600	None	12	99.96295928955078	99.96295928955078	99.96295928955078	100.0	99.33333333333333
50	1	test	None	72	None	12	64.62963104248047	64.62963104248047	64.62963104248047	100.0	0.0
50	1	train	None	72	None	12	71.99075317382812	71.99075317382812	71.99075317382812	100.0	4.166666666666666
50	1	test	None	84	None	12	69.62962341308594	69.62962341308594	69.62962341308594	100.0	0.0
50	1	train	None	84	None	12	73.70369720458984	73.70369720458984	73.70369720458984	100.0	2.380952380952381
50	1	test	None	96	None	12	78.88888549804688	78.88888549804688	78.8888931274414	100.0	0.0
50	1	train	None	96	None	12	81.4583511352539	81.4583511352539	81.4583511352539	100.0	4.166666666666666
50	1	test	None	108	None	12	72.12963104248047	72.12963104248047	72.12963104248047	100.0	0.0
50	1	train	None	108	None	12	76.12138366699219	76.12138366699219	76.12138366699219	100.0	2.7777777777777777
51	1	test	None	12	None	12	70.09259033203125	70.09259033203125	70.09259033203125	100.0	0.0
51	1	train	None	12	None	12	71.66667175292969	71.66667175292969	71.66667175292969	100.0	0.0
51	1	test	None	120	None	12	71.01850891113281	71.01850891113281	71.01850891113281	100.0	0.0
51	1	train	None	120	None	12	75.52777862548828	75.52777862548828	75.52777862548828	100.0	1.6666666666666667
51	1	test	None	132	None	12	74.4444351196289	74.4444351196289	74.4444351196289	100.0	0.0
51	1	train	None	132	None	12	79.0320053100586	79.0320053100586	79.0320053100586	100.0	4.545454545454546
51	1	test	None	144	None	12	80.46295928955078	80.46295928955078	80.46295928955078	100.0	0.0
51	1	train	None	144	None	12	78.50312042236328	78.50312042236328	78.50312042236328	100.0	2.7777777777777777
51	1	test	None	156	None	12	84.53703308105469	84.53703308105469	84.53704833984375	100.0	0.0
51	1	train	None	156	None	12	85.19239807128906	85.19239807128906	85.19239807128906	100.0	12.179487179487179
51	1	test	None	168	None	12	74.16666412353516	74.16666412353516	74.16666412353516	100.0	0.0
51	1	train	None	168	None	12	80.65480041503906	80.65480041503906	80.65480041503906	100.0	4.761904761904762
51	1	test	None	180	None	12	81.01851654052734	81.01851654052734	81.01851654052734	100.0	0.0
51	1	train	None	180	None	12	86.67286682128906	86.67286682128906	86.67286682128906	100.0	15.555555555555555
51	1	test	None	192	None	12	74.16666412353516	74.16666412353516	74.16666412353516	100.0	0.0
51	1	train	None	192	None	12	81.1921615600586	81.1921615600586	81.1921615600586	100.0	3.125
51	1	test	None	204	None	12	72.68517303466797	72.68517303466797	72.68517303466797	100.0	0.0
51	1	train	None	204	None	12	80.64813232421875	80.64813232421875	80.64813232421875	100.0	5.88235294117647
51	1	test	None	216	None	12	81.38888549804688	81.38888549804688	81.3888931274414	100.0	0.0
51	1	train	None	216	None	12	88.5493392944336	88.5493392944336	88.5493392944336	100.0	20.37037037037037
51	1	test	None	228	None	12	82.77777862548828	82.77777862548828	82.77777862548828	100.0	8.333333333333332
51	1	train	None	228	None	12	89.4833755493164	89.4833755493164	89.4833755493164	100.0	28.07017543859649
51	1	test	None	24	None	12	70.74073791503906	70.74073791503906	70.74073791503906	100.0	0.0
51	1	train	None	24	None	12	76.8055648803711	76.8055648803711	76.8055648803711	100.0	0.0
51	1	test	None	240	None	12	87.12962341308594	87.12962341308594	87.12962341308594	100.0	16.666666666666664
51	1	train	None	240	None	12	92.6573486328125	92.6573486328125	92.6573486328125	100.0	39.58333333333333
51	1	test	None	252	None	12	92.3148193359375	92.3148193359375	92.3148193359375	100.0	33.33333333333333
51	1	train	None	252	None	12	93.40818786621094	93.40818786621094	93.40818786621094	100.0	40.87301587301587
51	1	test	None	264	None	12	79.53703308105469	79.53703308105469	79.53704071044922	100.0	0.0
51	1	train	None	264	None	12	86.3509521484375	86.3509521484375	86.3509521484375	100.0	16.666666666666664
51	1	test	None	276	None	12	91.38888549804688	91.38888549804688	91.38888549804688	100.0	25.0
51	1	train	None	276	None	12	95.9983139038086	95.9983139038086	95.9983139038086	100.0	60.86956521739131
51	1	test	None	288	None	12	82.03704071044922	82.03704071044922	82.03704071044922	100.0	0.0
51	1	train	None	288	None	12	85.30475616455078	85.30475616455078	85.30475616455078	100.0	10.76388888888889
51	1	test	None	300	None	12	85.37037658691406	85.37037658691406	85.37037658691406	100.0	8.333333333333332
51	1	train	None	300	None	12	89.98877716064453	89.98877716064453	89.98877716064453	100.0	22.0
51	1	test	None	312	None	12	93.98148345947266	93.98148345947266	93.98148345947266	100.0	41.66666666666667
51	1	train	None	312	None	12	96.58822631835938	96.58822631835938	96.58822631835938	100.0	66.02564102564102
51	1	test	None	324	None	12	77.870361328125	77.870361328125	77.87036895751953	100.0	0.0
51	1	train	None	324	None	12	81.72836303710938	81.72836303710938	81.72836303710938	100.0	8.333333333333332
51	1	test	None	336	None	12	94.81480407714844	94.81480407714844	94.81480407714844	100.0	58.333333333333336
51	1	train	None	336	None	12	96.80548095703125	96.80548095703125	96.80548095703125	100.0	64.58333333333334
51	1	test	None	348	None	12	80.46295928955078	80.46295928955078	80.46295928955078	100.0	0.0
51	1	train	None	348	None	12	88.53754425048828	88.53754425048828	88.53754425048828	100.0	18.103448275862068
51	1	test	None	36	None	12	72.5	72.5	72.5	100.0	0.0
51	1	train	None	36	None	12	78.33332824707031	78.33332824707031	78.33333587646484	100.0	0.0
51	1	test	None	360	None	12	92.40740966796875	92.40740966796875	92.40740966796875	100.0	33.33333333333333
51	1	train	None	360	None	12	94.53996276855469	94.53996276855469	94.53996276855469	100.0	51.388888888888886
51	1	test	None	372	None	12	83.88888549804688	83.88888549804688	83.88888549804688	100.0	16.666666666666664
51	1	train	None	372	None	12	90.27760314941406	90.27760314941406	90.27760314941406	100.0	27.688172043010752
51	1	test	None	384	None	12	94.8148193359375	94.8148193359375	94.8148193359375	100.0	58.333333333333336
51	1	train	None	384	None	12	97.52886199951172	97.52886199951172	97.52886199951172	100.0	70.57291666666666
51	1	test	None	396	None	12	94.81480407714844	94.81480407714844	94.81480407714844	100.0	50.0
51	1	train	None	396	None	12	97.87590789794922	97.87590789794922	97.87590789794922	100.0	79.04040404040404
51	1	test	None	408	None	12	92.22222137451172	92.22222137451172	92.22222137451172	100.0	33.33333333333333
51	1	train	None	408	None	12	96.12461853027344	96.12461853027344	96.12461853027344	100.0	65.44117647058823
51	1	test	None	420	None	12	97.3148193359375	97.3148193359375	97.3148193359375	100.0	75.0
51	1	train	None	420	None	12	98.01051330566406	98.01051330566406	98.01051330566406	100.0	80.0
51	1	test	None	432	None	12	99.16666412353516	99.16666412353516	99.16666412353516	100.0	91.66666666666666
51	1	train	None	432	None	12	98.41558837890625	98.41558837890625	98.41558837890625	100.0	82.63888888888889
51	1	test	None	444	None	12	93.14815521240234	93.14815521240234	93.14815521240234	100.0	33.33333333333333
51	1	train	None	444	None	12	96.03340911865234	96.03340911865234	96.03340911865234	100.0	57.432432432432435
51	1	test	None	456	None	12	97.31481170654297	97.31481170654297	97.31481170654297	100.0	66.66666666666666
51	1	train	None	456	None	12	99.4273681640625	99.4273681640625	99.4273681640625	100.0	90.5701754385965
51	1	test	None	468	None	12	95.64815521240234	95.64815521240234	95.64815521240234	100.0	58.333333333333336
51	1	train	None	468	None	12	97.28147888183594	97.28147888183594	97.28147888183594	100.0	73.71794871794873
51	1	test	None	48	None	12	75.1851806640625	75.1851806640625	75.18518829345703	100.0	0.0
51	1	train	None	48	None	12	77.7546157836914	77.7546157836914	77.7546157836914	100.0	0.0
51	1	test	None	480	None	12	98.24073791503906	98.24073791503906	98.24073791503906	100.0	83.33333333333334
51	1	train	None	480	None	12	99.55554962158203	99.55554962158203	99.55554962158203	100.0	93.95833333333333
51	1	test	None	492	None	12	87.3148193359375	87.3148193359375	87.3148193359375	100.0	8.333333333333332
51	1	train	None	492	None	12	91.71610260009766	91.71610260009766	91.71610260009766	100.0	30.89430894308943
51	1	test	None	504	None	12	87.87036895751953	87.87036895751953	87.87036895751953	100.0	0.0
51	1	train	None	504	None	12	92.27928924560547	92.27928924560547	92.27928924560547	100.0	30.952380952380953
51	1	test	None	516	None	12	100.0	100.0	100.0	100.0	66.66666666666666
51	1	train	None	516	None	12	99.59300994873047	99.59300994873047	99.59300994873047	100.0	89.14728682170544
51	1	test	None	528	None	12	95.64815521240234	95.64815521240234	95.64815521240234	100.0	41.66666666666667
51	1	train	None	528	None	12	95.8626480102539	95.8626480102539	95.8626480102539	100.0	54.166666666666664
51	1	test	None	540	None	12	90.64814758300781	90.64814758300781	90.64814758300781	100.0	8.333333333333332
51	1	train	None	540	None	12	91.09232330322266	91.09232330322266	91.09232330322266	100.0	23.333333333333332
51	1	test	None	552	None	12	98.24073791503906	98.24073791503906	98.24073791503906	100.0	75.0
51	1	train	None	552	None	12	98.85462951660156	98.85462951660156	98.85462951660156	100.0	87.5
51	1	test	None	564	None	12	92.31481170654297	92.31481170654297	92.31481170654297	100.0	25.0
51	1	train	None	564	None	12	94.91319274902344	94.91319274902344	94.91319274902344	100.0	47.340425531914896
51	1	test	None	576	None	12	82.12963104248047	82.12963104248047	82.12963104248047	100.0	0.0
51	1	train	None	576	None	12	85.02098083496094	85.02098083496094	85.02098083496094	100.0	11.458333333333332
51	1	test	None	588	None	12	91.38888549804688	91.38888549804688	91.3888931274414	100.0	8.333333333333332
51	1	train	None	588	None	12	92.49031829833984	92.49031829833984	92.49031829833984	100.0	25.68027210884354
51	1	test	None	60	None	12	76.85184478759766	76.85184478759766	76.85184478759766	100.0	0.0
51	1	train	None	60	None	12	74.96296691894531	74.96296691894531	74.96296691894531	100.0	0.0
51	1	test	None	600	None	12	96.5740737915039	96.5740737915039	96.5740737915039	100.0	58.333333333333336
51	1	train	None	600	None	12	96.94257354736328	96.94257354736328	96.94257354736328	100.0	67.16666666666666
51	1	test	None	72	None	12	71.94444274902344	71.94444274902344	71.94444274902344	100.0	0.0
51	1	train	None	72	None	12	72.88580322265625	72.88580322265625	72.88580322265625	100.0	4.166666666666666
51	1	test	None	84	None	12	77.77777099609375	77.77777099609375	77.77777099609375	100.0	0.0
51	1	train	None	84	None	12	78.66400146484375	78.66400146484375	78.66400146484375	100.0	2.380952380952381
51	1	test	None	96	None	12	71.1111068725586	71.1111068725586	71.1111068725586	100.0	0.0
51	1	train	None	96	None	12	72.56942749023438	72.56942749023438	72.56942749023438	100.0	3.125
51	1	test	None	108	None	12	72.77777099609375	72.77777099609375	72.77777099609375	100.0	0.0
51	1	train	None	108	None	12	76.98560333251953	76.98560333251953	76.98560333251953	100.0	2.7777777777777777
52	1	test	None	12	None	12	72.22221374511719	72.22221374511719	72.22222900390625	100.0	0.0
52	1	train	None	12	None	12	72.5	72.5	72.5	100.0	0.0
52	1	test	None	120	None	12	77.40740966796875	77.40740966796875	77.40740966796875	100.0	0.0
52	1	train	None	120	None	12	80.82408142089844	80.82408142089844	80.82408142089844	100.0	4.166666666666666
52	1	test	None	132	None	12	72.3148193359375	72.3148193359375	72.3148193359375	100.0	0.0
52	1	train	None	132	None	12	77.58415222167969	77.58415222167969	77.58415222167969	100.0	3.787878787878788
52	1	test	None	144	None	12	73.98148345947266	73.98148345947266	73.98148345947266	100.0	0.0
52	1	train	None	144	None	12	80.57870483398438	80.57870483398438	80.57870483398438	100.0	6.25
52	1	test	None	156	None	12	81.5740737915039	81.5740737915039	81.5740737915039	100.0	0.0
52	1	train	None	156	None	12	82.24360656738281	82.24360656738281	82.24360656738281	100.0	11.538461538461538
52	1	test	None	168	None	12	81.5740737915039	81.5740737915039	81.57408142089844	100.0	0.0
52	1	train	None	168	None	12	83.4524154663086	83.4524154663086	83.4524154663086	100.0	10.119047619047619
52	1	test	None	180	None	12	76.57408142089844	76.57408142089844	76.57408142089844	100.0	0.0
52	1	train	None	180	None	12	79.14197540283203	79.14197540283203	79.14197540283203	100.0	3.3333333333333335
52	1	test	None	192	None	12	79.90740966796875	79.90740966796875	79.90740966796875	100.0	0.0
52	1	train	None	192	None	12	82.0254898071289	82.0254898071289	82.0254898071289	100.0	5.729166666666666
52	1	test	None	204	None	12	78.24073791503906	78.24073791503906	78.2407455444336	100.0	0.0
52	1	train	None	204	None	12	82.9956283569336	82.9956283569336	82.9956283569336	100.0	12.254901960784313
52	1	test	None	216	None	12	84.07406616210938	84.07406616210938	84.0740737915039	100.0	8.333333333333332
52	1	train	None	216	None	12	88.77056121826172	88.77056121826172	88.77056121826172	100.0	23.61111111111111
52	1	test	None	228	None	12	81.5740737915039	81.5740737915039	81.5740737915039	100.0	0.0
52	1	train	None	228	None	12	83.83037567138672	83.83037567138672	83.83037567138672	100.0	10.087719298245613
52	1	test	None	24	None	12	77.31481170654297	77.31481170654297	77.31482696533203	100.0	0.0
52	1	train	None	24	None	12	78.24073791503906	78.24073791503906	78.2407455444336	100.0	0.0
52	1	test	None	240	None	12	77.40741729736328	77.40741729736328	77.40741729736328	100.0	0.0
52	1	train	None	240	None	12	81.79161834716797	81.79161834716797	81.79161834716797	100.0	7.5
52	1	test	None	252	None	12	74.90740203857422	74.90740203857422	74.90740203857422	100.0	0.0
52	1	train	None	252	None	12	78.09959411621094	78.09959411621094	78.09959411621094	100.0	3.968253968253968
52	1	test	None	264	None	12	91.48147583007812	91.48147583007812	91.48147583007812	100.0	33.33333333333333
52	1	train	None	264	None	12	93.90143585205078	93.90143585205078	93.90143585205078	100.0	45.07575757575758
52	1	test	None	276	None	12	90.0	90.0	90.0	100.0	25.0
52	1	train	None	276	None	12	95.31395721435547	95.31395721435547	95.31395721435547	100.0	50.72463768115942
52	1	test	None	288	None	12	89.07406616210938	89.07406616210938	89.07406616210938	100.0	33.33333333333333
52	1	train	None	288	None	12	91.68203735351562	91.68203735351562	91.68203735351562	100.0	39.58333333333333
52	1	test	None	300	None	12	81.48148345947266	81.48148345947266	81.48148345947266	100.0	0.0
52	1	train	None	300	None	12	87.46658325195312	87.46658325195312	87.46658325195312	100.0	19.0
52	1	test	None	312	None	12	90.74073791503906	90.74073791503906	90.74073791503906	100.0	16.666666666666664
52	1	train	None	312	None	12	94.26626586914062	94.26626586914062	94.26626586914062	100.0	39.42307692307692
52	1	test	None	324	None	12	90.7407455444336	90.7407455444336	90.7407455444336	100.0	25.0
52	1	train	None	324	None	12	92.32839965820312	92.32839965820312	92.32839965820312	100.0	35.80246913580247
52	1	test	None	336	None	12	83.24073028564453	83.24073028564453	83.24073791503906	100.0	0.0
52	1	train	None	336	None	12	89.61628723144531	89.61628723144531	89.61628723144531	100.0	27.976190476190478
52	1	test	None	348	None	12	90.74073791503906	90.74073791503906	90.7407455444336	100.0	16.666666666666664
52	1	train	None	348	None	12	92.62118530273438	92.62118530273438	92.62118530273438	100.0	34.195402298850574
52	1	test	None	36	None	12	77.31481170654297	77.31481170654297	77.31481170654297	100.0	0.0
52	1	train	None	36	None	12	80.77159118652344	80.77159118652344	80.77159118652344	100.0	0.0
52	1	test	None	360	None	12	94.81480407714844	94.81480407714844	94.81480407714844	100.0	50.0
52	1	train	None	360	None	12	96.54618835449219	96.54618835449219	96.54618835449219	100.0	62.77777777777778
52	1	test	None	372	None	12	95.83332824707031	95.83332824707031	95.83332824707031	100.0	50.0
52	1	train	None	372	None	12	96.52616882324219	96.52616882324219	96.52616882324219	100.0	65.59139784946237
52	1	test	None	384	None	12	93.33333587646484	93.33333587646484	93.33333587646484	100.0	41.66666666666667
52	1	train	None	384	None	12	95.21686553955078	95.21686553955078	95.21686553955078	100.0	54.427083333333336
52	1	test	None	396	None	12	92.5	92.5	92.5	100.0	25.0
52	1	train	None	396	None	12	93.0104751586914	93.0104751586914	93.0104751586914	100.0	37.121212121212125
52	1	test	None	408	None	12	95.83332824707031	95.83332824707031	95.83332824707031	100.0	33.33333333333333
52	1	train	None	408	None	12	98.16443634033203	98.16443634033203	98.16443634033203	100.0	77.20588235294117
52	1	test	None	420	None	12	90.74073791503906	90.74073791503906	90.74073791503906	100.0	8.333333333333332
52	1	train	None	420	None	12	90.6849594116211	90.6849594116211	90.6849594116211	100.0	22.857142857142858
52	1	test	None	432	None	12	96.66667175292969	96.66667175292969	96.66667175292969	100.0	58.333333333333336
52	1	train	None	432	None	12	96.34249877929688	96.34249877929688	96.34249877929688	100.0	64.12037037037037
52	1	test	None	444	None	12	94.07406616210938	94.07406616210938	94.07406616210938	100.0	25.0
52	1	train	None	444	None	12	93.95623016357422	93.95623016357422	93.95623016357422	100.0	38.06306306306306
52	1	test	None	456	None	12	95.83332824707031	95.83332824707031	95.83332824707031	100.0	75.0
52	1	train	None	456	None	12	96.79087829589844	96.79087829589844	96.79087829589844	100.0	75.43859649122807
52	1	test	None	468	None	12	95.7407455444336	95.7407455444336	95.7407455444336	100.0	41.66666666666667
52	1	train	None	468	None	12	97.83466339111328	97.83466339111328	97.83466339111328	100.0	72.86324786324786
52	1	test	None	48	None	12	67.96295928955078	67.96295928955078	67.96295928955078	100.0	0.0
52	1	train	None	48	None	12	72.08333587646484	72.08333587646484	72.08333587646484	100.0	4.166666666666666
52	1	test	None	480	None	12	93.33332061767578	93.33332061767578	93.33332061767578	100.0	25.0
52	1	train	None	480	None	12	94.86555480957031	94.86555480957031	94.86555480957031	100.0	48.75
52	1	test	None	492	None	12	99.16666412353516	99.16666412353516	99.16666412353516	100.0	66.66666666666666
52	1	train	None	492	None	12	99.28633117675781	99.28633117675781	99.28633117675781	100.0	77.64227642276423
52	1	test	None	504	None	12	90.83332824707031	90.83332824707031	90.83332824707031	100.0	25.0
52	1	train	None	504	None	12	92.35424041748047	92.35424041748047	92.35424041748047	100.0	31.150793650793652
52	1	test	None	516	None	12	93.33332061767578	93.33332061767578	93.33332061767578	100.0	25.0
52	1	train	None	516	None	12	93.85420989990234	93.85420989990234	93.85420989990234	100.0	42.63565891472868
52	1	test	None	528	None	12	95.83334350585938	95.83334350585938	95.83334350585938	100.0	66.66666666666666
52	1	train	None	528	None	12	98.59841918945312	98.59841918945312	98.59841918945312	100.0	86.5530303030303
52	1	test	None	540	None	12	98.24073791503906	98.24073791503906	98.24073791503906	100.0	83.33333333333334
52	1	train	None	540	None	12	97.92584228515625	97.92584228515625	97.92584228515625	100.0	79.44444444444444
52	1	test	None	552	None	12	90.74073791503906	90.74073791503906	90.74073791503906	100.0	16.666666666666664
52	1	train	None	552	None	12	92.7352523803711	92.7352523803711	92.7352523803711	100.0	32.971014492753625
52	1	test	None	564	None	12	84.0740737915039	84.0740737915039	84.0740737915039	100.0	8.333333333333332
52	1	train	None	564	None	12	87.04666900634766	87.04666900634766	87.04666900634766	100.0	17.5531914893617
52	1	test	None	576	None	12	98.33332824707031	98.33332824707031	98.33332824707031	100.0	83.33333333333334
52	1	train	None	576	None	12	98.41629028320312	98.41629028320312	98.41629028320312	100.0	83.50694444444444
52	1	test	None	588	None	12	92.40740203857422	92.40740203857422	92.40740203857422	100.0	25.0
52	1	train	None	588	None	12	96.23577117919922	96.23577117919922	96.23577117919922	100.0	59.523809523809526
52	1	test	None	60	None	12	67.96295928955078	67.96295928955078	67.96295928955078	100.0	0.0
52	1	train	None	60	None	12	71.5	71.5	71.5	100.0	3.3333333333333335
52	1	test	None	600	None	12	97.40740966796875	97.40740966796875	97.40740966796875	100.0	75.0
52	1	train	None	600	None	12	97.3814468383789	97.3814468383789	97.3814468383789	100.0	71.0
52	1	test	None	72	None	12	75.64814758300781	75.64814758300781	75.64814758300781	100.0	0.0
52	1	train	None	72	None	12	77.8395004272461	77.8395004272461	77.83950805664062	100.0	5.555555555555555
52	1	test	None	84	None	12	75.64814758300781	75.64814758300781	75.64814758300781	100.0	0.0
52	1	train	None	84	None	12	76.71956634521484	76.71956634521484	76.71956634521484	100.0	4.761904761904762
52	1	test	None	96	None	12	78.14814758300781	78.14814758300781	78.14814758300781	100.0	0.0
52	1	train	None	96	None	12	78.73841857910156	78.73841857910156	78.73841857910156	100.0	4.166666666666666
52	1	test	None	108	None	12	77.31482696533203	77.31482696533203	77.31482696533203	100.0	0.0
52	1	train	None	108	None	12	78.68313598632812	78.68313598632812	78.68313598632812	100.0	1.8518518518518516
53	1	test	None	12	None	12	71.66667175292969	71.66667175292969	71.66667175292969	100.0	0.0
53	1	train	None	12	None	12	78.98149108886719	78.98149108886719	78.98149108886719	100.0	8.333333333333332
53	1	test	None	120	None	12	77.50000762939453	77.50000762939453	77.50000762939453	100.0	0.0
53	1	train	None	120	None	12	78.68521881103516	78.68521881103516	78.68521881103516	100.0	0.8333333333333334
53	1	test	None	132	None	12	76.66667175292969	76.66667175292969	76.66667175292969	100.0	0.0
53	1	train	None	132	None	12	77.22221374511719	77.22221374511719	77.22221374511719	100.0	2.272727272727273
53	1	test	None	144	None	12	79.99999237060547	79.99999237060547	80.0	100.0	0.0
53	1	train	None	144	None	12	79.33642578125	79.33642578125	79.33642578125	100.0	7.638888888888889
53	1	test	None	156	None	12	77.5	77.5	77.5	100.0	0.0
53	1	train	None	156	None	12	81.84477996826172	81.84477996826172	81.84477996826172	100.0	5.769230769230769
53	1	test	None	168	None	12	80.0	80.0	80.0	100.0	0.0
53	1	train	None	168	None	12	86.77912902832031	86.77912902832031	86.77912902832031	100.0	9.523809523809524
53	1	test	None	180	None	12	79.99999237060547	79.99999237060547	79.99999237060547	100.0	0.0
53	1	train	None	180	None	12	87.2407455444336	87.2407455444336	87.2407455444336	100.0	15.0
53	1	test	None	192	None	12	83.33332824707031	83.33332824707031	83.33334350585938	100.0	16.666666666666664
53	1	train	None	192	None	12	85.44561004638672	85.44561004638672	85.44561004638672	100.0	10.9375
53	1	test	None	204	None	12	80.83334350585938	80.83334350585938	80.83334350585938	100.0	0.0
53	1	train	None	204	None	12	83.85075378417969	83.85075378417969	83.85076904296875	100.0	8.333333333333332
53	1	test	None	216	None	12	86.66666412353516	86.66666412353516	86.66666412353516	100.0	16.666666666666664
53	1	train	None	216	None	12	91.99068450927734	91.99068450927734	91.99068450927734	100.0	35.648148148148145
53	1	test	None	228	None	12	84.16667175292969	84.16667175292969	84.16667175292969	100.0	8.333333333333332
53	1	train	None	228	None	12	86.42298889160156	86.42298889160156	86.42298889160156	100.0	16.228070175438596
53	1	test	None	24	None	12	75.83333587646484	75.83333587646484	75.83333587646484	100.0	0.0
53	1	train	None	24	None	12	75.69445037841797	75.69445037841797	75.69445037841797	100.0	0.0
53	1	test	None	240	None	12	81.66666412353516	81.66666412353516	81.66666412353516	100.0	0.0
53	1	train	None	240	None	12	86.351806640625	86.351806640625	86.351806640625	100.0	15.416666666666668
53	1	test	None	252	None	12	86.66667175292969	86.66667175292969	86.66667175292969	100.0	8.333333333333332
53	1	train	None	252	None	12	89.02987670898438	89.02987670898438	89.02987670898438	100.0	20.634920634920633
53	1	test	None	264	None	12	93.33332061767578	93.33332061767578	93.33332061767578	100.0	41.66666666666667
53	1	train	None	264	None	12	94.36439514160156	94.36439514160156	94.36439514160156	100.0	47.72727272727273
53	1	test	None	276	None	12	86.66667175292969	86.66667175292969	86.66667175292969	100.0	16.666666666666664
53	1	train	None	276	None	12	94.33971405029297	94.33971405029297	94.33971405029297	100.0	51.81159420289855
53	1	test	None	288	None	12	84.16667175292969	84.16667175292969	84.16667175292969	100.0	16.666666666666664
53	1	train	None	288	None	12	90.05008697509766	90.05008697509766	90.05008697509766	100.0	25.0
53	1	test	None	300	None	12	91.66667175292969	91.66667175292969	91.66667175292969	100.0	33.33333333333333
53	1	train	None	300	None	12	89.45917510986328	89.45917510986328	89.45917510986328	100.0	22.333333333333332
53	1	test	None	312	None	12	85.83332824707031	85.83332824707031	85.83333587646484	100.0	8.333333333333332
53	1	train	None	312	None	12	90.92581176757812	90.92581176757812	90.92581176757812	100.0	31.41025641025641
53	1	test	None	324	None	12	80.83334350585938	80.83334350585938	80.83334350585938	100.0	0.0
53	1	train	None	324	None	12	83.25438690185547	83.25438690185547	83.25438690185547	100.0	8.950617283950617
53	1	test	None	336	None	12	89.16666412353516	89.16666412353516	89.16666412353516	100.0	16.666666666666664
53	1	train	None	336	None	12	91.71949005126953	91.71949005126953	91.71949005126953	100.0	35.41666666666667
53	1	test	None	348	None	12	91.66667175292969	91.66667175292969	91.66667175292969	100.0	41.66666666666667
53	1	train	None	348	None	12	94.38043212890625	94.38043212890625	94.38043212890625	100.0	50.57471264367817
53	1	test	None	36	None	12	73.33333587646484	73.33333587646484	73.33333587646484	100.0	0.0
53	1	train	None	36	None	12	75.40123748779297	75.40123748779297	75.40123748779297	100.0	2.7777777777777777
53	1	test	None	360	None	12	89.16667175292969	89.16667175292969	89.16667175292969	100.0	16.666666666666664
53	1	train	None	360	None	12	90.87329864501953	90.87329864501953	90.87329864501953	100.0	28.888888888888886
53	1	test	None	372	None	12	96.66667175292969	96.66667175292969	96.66667175292969	100.0	66.66666666666666
53	1	train	None	372	None	12	98.68274688720703	98.68274688720703	98.68274688720703	100.0	85.21505376344086
53	1	test	None	384	None	12	86.66667175292969	86.66667175292969	86.66667175292969	100.0	8.333333333333332
53	1	train	None	384	None	12	89.89852905273438	89.89852905273438	89.89852905273438	100.0	25.0
53	1	test	None	396	None	12	95.0	95.0	95.0	100.0	50.0
53	1	train	None	396	None	12	96.79842376708984	96.79842376708984	96.79842376708984	100.0	63.38383838383839
53	1	test	None	408	None	12	92.49999237060547	92.49999237060547	92.49999237060547	100.0	16.666666666666664
53	1	train	None	408	None	12	93.32500457763672	93.32500457763672	93.32500457763672	100.0	38.970588235294116
53	1	test	None	420	None	12	97.50000762939453	97.50000762939453	97.50000762939453	100.0	75.0
53	1	train	None	420	None	12	98.84387969970703	98.84387969970703	98.84387969970703	100.0	86.19047619047619
53	1	test	None	432	None	12	98.33332824707031	98.33332824707031	98.33332824707031	100.0	83.33333333333334
53	1	train	None	432	None	12	97.71854400634766	97.71854400634766	97.71854400634766	100.0	76.62037037037037
53	1	test	None	444	None	12	97.50000762939453	97.50000762939453	97.50000762939453	100.0	66.66666666666666
53	1	train	None	444	None	12	97.9178466796875	97.9178466796875	97.9178466796875	100.0	77.02702702702703
53	1	test	None	456	None	12	94.16665649414062	94.16665649414062	94.16665649414062	100.0	41.66666666666667
53	1	train	None	456	None	12	95.1825942993164	95.1825942993164	95.1825942993164	100.0	51.53508771929825
53	1	test	None	468	None	12	90.0	90.0	90.0	100.0	8.333333333333332
53	1	train	None	468	None	12	92.5045166015625	92.5045166015625	92.5045166015625	100.0	31.62393162393162
53	1	test	None	48	None	12	76.66667175292969	76.66667175292969	76.66667175292969	100.0	0.0
53	1	train	None	48	None	12	78.54165649414062	78.54165649414062	78.54166412353516	100.0	2.083333333333333
53	1	test	None	480	None	12	91.66667175292969	91.66667175292969	91.66667175292969	100.0	16.666666666666664
53	1	train	None	480	None	12	93.01133728027344	93.01133728027344	93.01133728027344	100.0	35.833333333333336
53	1	test	None	492	None	12	91.66665649414062	91.66665649414062	91.66665649414062	100.0	16.666666666666664
53	1	train	None	492	None	12	94.13932800292969	94.13932800292969	94.13932800292969	100.0	41.46341463414634
53	1	test	None	504	None	12	96.66667175292969	96.66667175292969	96.66667175292969	100.0	75.0
53	1	train	None	504	None	12	98.02680969238281	98.02680969238281	98.02680969238281	100.0	77.38095238095238
53	1	test	None	516	None	12	98.33333587646484	98.33333587646484	98.33333587646484	100.0	83.33333333333334
53	1	train	None	516	None	12	98.69719696044922	98.69719696044922	98.69719696044922	100.0	87.98449612403101
53	1	test	None	528	None	12	97.50000762939453	97.50000762939453	97.50000762939453	100.0	75.0
53	1	train	None	528	None	12	98.49740600585938	98.49740600585938	98.49740600585938	100.0	83.90151515151516
53	1	test	None	540	None	12	95.0	95.0	95.0	100.0	50.0
53	1	train	None	540	None	12	93.50181579589844	93.50181579589844	93.50181579589844	100.0	35.37037037037037
53	1	test	None	552	None	12	94.16665649414062	94.16665649414062	94.16665649414062	100.0	33.33333333333333
53	1	train	None	552	None	12	96.344482421875	96.344482421875	96.344482421875	100.0	61.23188405797102
53	1	test	None	564	None	12	99.16666412353516	99.16666412353516	99.16666412353516	100.0	66.66666666666666
53	1	train	None	564	None	12	99.76950073242188	99.76950073242188	99.76950073242188	100.0	91.66666666666666
53	1	test	None	576	None	12	98.33333587646484	98.33333587646484	98.33333587646484	100.0	83.33333333333334
53	1	train	None	576	None	12	98.82135009765625	98.82135009765625	98.82135009765625	100.0	88.71527777777779
53	1	test	None	588	None	12	99.16666412353516	99.16666412353516	99.16666412353516	100.0	91.66666666666666
53	1	train	None	588	None	12	98.08767700195312	98.08767700195312	98.08767700195312	100.0	81.29251700680273
53	1	test	None	60	None	12	78.3333511352539	78.3333511352539	78.3333511352539	100.0	0.0
53	1	train	None	60	None	12	78.25926208496094	78.25926208496094	78.25926208496094	100.0	1.6666666666666667
53	1	test	None	600	None	12	91.66667175292969	91.66667175292969	91.66667175292969	100.0	16.666666666666664
53	1	train	None	600	None	12	93.0665512084961	93.0665512084961	93.0665512084961	100.0	40.666666666666664
53	1	test	None	72	None	12	71.66666412353516	71.66666412353516	71.66666412353516	100.0	0.0
53	1	train	None	72	None	12	77.793212890625	77.793212890625	77.793212890625	100.0	5.555555555555555
53	1	test	None	84	None	12	73.33332824707031	73.33332824707031	73.33332824707031	100.0	0.0
53	1	train	None	84	None	12	76.12435150146484	76.12435150146484	76.12435150146484	100.0	2.380952380952381
53	1	test	None	96	None	12	79.16667175292969	79.16667175292969	79.16667175292969	100.0	0.0
53	1	train	None	96	None	12	78.37963104248047	78.37963104248047	78.37963104248047	100.0	5.208333333333334
53	1	test	None	108	None	12	73.33332824707031	73.33332824707031	73.33332824707031	100.0	8.333333333333332
53	1	train	None	108	None	12	76.47122192382812	76.47122192382812	76.47122192382812	100.0	2.7777777777777777
54	1	test	None	12	None	12	67.77777862548828	67.77777862548828	67.77777862548828	100.0	0.0
54	1	train	None	12	None	12	74.81481170654297	74.81481170654297	74.81481170654297	100.0	8.333333333333332
54	1	test	None	120	None	12	70.1851806640625	70.1851806640625	70.1851806640625	100.0	0.0
54	1	train	None	120	None	12	74.22222137451172	74.22222137451172	74.22222137451172	100.0	0.8333333333333334
54	1	test	None	132	None	12	81.57406616210938	81.57406616210938	81.5740737915039	100.0	0.0
54	1	train	None	132	None	12	77.73571014404297	77.73571014404297	77.73571014404297	100.0	3.787878787878788
54	1	test	None	144	None	12	68.88888549804688	68.88888549804688	68.88888549804688	100.0	0.0
54	1	train	None	144	None	12	76.66669464111328	76.66669464111328	76.66669464111328	100.0	4.861111111111112
54	1	test	None	156	None	12	78.88888549804688	78.88888549804688	78.88888549804688	100.0	0.0
54	1	train	None	156	None	12	85.63397216796875	85.63397216796875	85.63397216796875	100.0	16.025641025641026
54	1	test	None	168	None	12	82.22221374511719	82.22221374511719	82.22221374511719	100.0	0.0
54	1	train	None	168	None	12	82.18257141113281	82.18257141113281	82.18257141113281	100.0	7.738095238095238
54	1	test	None	180	None	12	80.64813995361328	80.64813995361328	80.64813995361328	100.0	0.0
54	1	train	None	180	None	12	85.9938735961914	85.9938735961914	85.9938735961914	100.0	12.777777777777777
54	1	test	None	192	None	12	78.05555725097656	78.05555725097656	78.05555725097656	100.0	0.0
54	1	train	None	192	None	12	80.6539535522461	80.6539535522461	80.6539535522461	100.0	7.291666666666667
54	1	test	None	204	None	12	83.05554962158203	83.05554962158203	83.0555648803711	100.0	8.333333333333332
54	1	train	None	204	None	12	82.28760528564453	82.28760528564453	82.28760528564453	100.0	9.313725490196079
54	1	test	None	216	None	12	85.64814758300781	85.64814758300781	85.64814758300781	100.0	0.0
54	1	train	None	216	None	12	87.43313598632812	87.43313598632812	87.43313598632812	100.0	20.37037037037037
54	1	test	None	228	None	12	79.629638671875	79.629638671875	79.629638671875	100.0	0.0
54	1	train	None	228	None	12	84.10814666748047	84.10814666748047	84.10814666748047	100.0	11.403508771929824
54	1	test	None	24	None	12	71.94444274902344	71.94444274902344	71.94444274902344	100.0	0.0
54	1	train	None	24	None	12	78.5648193359375	78.5648193359375	78.5648193359375	100.0	4.166666666666666
54	1	test	None	240	None	12	81.48148345947266	81.48148345947266	81.48148345947266	100.0	0.0
54	1	train	None	240	None	12	85.63422393798828	85.63422393798828	85.63422393798828	100.0	15.0
54	1	test	None	252	None	12	90.64814758300781	90.64814758300781	90.64814758300781	100.0	16.666666666666664
54	1	train	None	252	None	12	93.45228576660156	93.45228576660156	93.45228576660156	100.0	39.285714285714285
54	1	test	None	264	None	12	84.72221374511719	84.72221374511719	84.72221374511719	100.0	8.333333333333332
54	1	train	None	264	None	12	89.44017028808594	89.44017028808594	89.44017028808594	100.0	31.818181818181817
54	1	test	None	276	None	12	88.0555419921875	88.0555419921875	88.0555419921875	100.0	0.0
54	1	train	None	276	None	12	91.56192779541016	91.56192779541016	91.56192779541016	100.0	35.507246376811594
54	1	test	None	288	None	12	85.74073791503906	85.74073791503906	85.74073791503906	100.0	16.666666666666664
54	1	train	None	288	None	12	87.39962768554688	87.39962768554688	87.39962768554688	100.0	15.625
54	1	test	None	300	None	12	84.90740966796875	84.90740966796875	84.90741729736328	100.0	0.0
54	1	train	None	300	None	12	88.49993896484375	88.49993896484375	88.49993896484375	100.0	21.333333333333336
54	1	test	None	312	None	12	98.33332824707031	98.33332824707031	98.33332824707031	100.0	50.0
54	1	train	None	312	None	12	97.73141479492188	97.73141479492188	97.73141479492188	100.0	74.03846153846155
54	1	test	None	324	None	12	90.83332061767578	90.83332061767578	90.83332061767578	100.0	8.333333333333332
54	1	train	None	324	None	12	93.98819732666016	93.98819732666016	93.98819732666016	100.0	40.74074074074074
54	1	test	None	336	None	12	91.4814682006836	91.4814682006836	91.4814682006836	100.0	16.666666666666664
54	1	train	None	336	None	12	95.46942901611328	95.46942901611328	95.46942901611328	100.0	55.05952380952381
54	1	test	None	348	None	12	93.24073791503906	93.24073791503906	93.24073791503906	100.0	25.0
54	1	train	None	348	None	12	91.48136138916016	91.48136138916016	91.48136138916016	100.0	32.18390804597701
54	1	test	None	36	None	12	71.85185241699219	71.85185241699219	71.85185241699219	100.0	0.0
54	1	train	None	36	None	12	75.09258270263672	75.09258270263672	75.09258270263672	100.0	2.7777777777777777
54	1	test	None	360	None	12	84.0740737915039	84.0740737915039	84.0740737915039	100.0	8.333333333333332
54	1	train	None	360	None	12	90.54922485351562	90.54922485351562	90.54922485351562	100.0	25.27777777777778
54	1	test	None	372	None	12	83.24073791503906	83.24073791503906	83.24073791503906	100.0	0.0
54	1	train	None	372	None	12	87.06377410888672	87.06377410888672	87.06377410888672	100.0	14.78494623655914
54	1	test	None	384	None	12	89.81481170654297	89.81481170654297	89.81481170654297	100.0	16.666666666666664
54	1	train	None	384	None	12	92.1815185546875	92.1815185546875	92.1815185546875	100.0	28.90625
54	1	test	None	396	None	12	92.40740966796875	92.40740966796875	92.40740966796875	100.0	33.33333333333333
54	1	train	None	396	None	12	96.68338775634766	96.68338775634766	96.68338775634766	100.0	67.92929292929293
54	1	test	None	408	None	12	86.38887786865234	86.38887786865234	86.38887786865234	100.0	8.333333333333332
54	1	train	None	408	None	12	91.42410278320312	91.42410278320312	91.42410278320312	100.0	30.637254901960787
54	1	test	None	420	None	12	85.83334350585938	85.83334350585938	85.83334350585938	100.0	0.0
54	1	train	None	420	None	12	85.77496337890625	85.77496337890625	85.77496337890625	100.0	12.619047619047619
54	1	test	None	432	None	12	94.90740966796875	94.90740966796875	94.90740966796875	100.0	33.33333333333333
54	1	train	None	432	None	12	96.62799835205078	96.62799835205078	96.62799835205078	100.0	63.19444444444444
54	1	test	None	444	None	12	95.0	95.0	95.0	100.0	25.0
54	1	train	None	444	None	12	96.08596801757812	96.08596801757812	96.08596801757812	100.0	58.55855855855856
54	1	test	None	456	None	12	89.90740966796875	89.90740966796875	89.90740966796875	100.0	8.333333333333332
54	1	train	None	456	None	12	91.20104217529297	91.20104217529297	91.20104217529297	100.0	29.605263157894733
54	1	test	None	468	None	12	92.5	92.5	92.5	100.0	50.0
54	1	train	None	468	None	12	90.4437255859375	90.4437255859375	90.4437255859375	100.0	25.64102564102564
54	1	test	None	48	None	12	78.61111450195312	78.61111450195312	78.61111450195312	100.0	0.0
54	1	train	None	48	None	12	75.06944274902344	75.06944274902344	75.06944274902344	100.0	0.0
54	1	test	None	480	None	12	91.48147583007812	91.48147583007812	91.48147583007812	100.0	16.666666666666664
54	1	train	None	480	None	12	91.562255859375	91.562255859375	91.562255859375	100.0	26.041666666666668
54	1	test	None	492	None	12	94.16665649414062	94.16665649414062	94.16665649414062	100.0	25.0
54	1	train	None	492	None	12	92.80011749267578	92.80011749267578	92.80011749267578	100.0	27.235772357723576
54	1	test	None	504	None	12	93.88888549804688	93.88888549804688	93.88888549804688	100.0	50.0
54	1	train	None	504	None	12	97.08321380615234	97.08321380615234	97.08321380615234	100.0	72.02380952380952
54	1	test	None	516	None	12	90.64813232421875	90.64813232421875	90.64813232421875	100.0	16.666666666666664
54	1	train	None	516	None	12	93.2599105834961	93.2599105834961	93.2599105834961	100.0	35.46511627906977
54	1	test	None	528	None	12	97.49999237060547	97.49999237060547	97.49999237060547	100.0	75.0
54	1	train	None	528	None	12	99.09719848632812	99.09719848632812	99.09719848632812	100.0	91.66666666666666
54	1	test	None	540	None	12	91.48147583007812	91.48147583007812	91.48147583007812	100.0	8.333333333333332
54	1	train	None	540	None	12	91.73223114013672	91.73223114013672	91.73223114013672	100.0	28.333333333333332
54	1	test	None	552	None	12	94.81480407714844	94.81480407714844	94.81480407714844	100.0	41.66666666666667
54	1	train	None	552	None	12	97.83003234863281	97.83003234863281	97.83003234863281	100.0	67.7536231884058
54	1	test	None	564	None	12	92.31481170654297	92.31481170654297	92.31481170654297	100.0	16.666666666666664
54	1	train	None	564	None	12	94.7910385131836	94.7910385131836	94.7910385131836	100.0	49.46808510638298
54	1	test	None	576	None	12	88.14814758300781	88.14814758300781	88.14814758300781	100.0	0.0
54	1	train	None	576	None	12	92.35702514648438	92.35702514648438	92.35702514648438	100.0	28.993055555555557
54	1	test	None	588	None	12	97.5	97.5	97.5	100.0	58.333333333333336
54	1	train	None	588	None	12	99.34237670898438	99.34237670898438	99.34237670898438	100.0	92.68707482993197
54	1	test	None	60	None	12	71.85185241699219	71.85185241699219	71.85185241699219	100.0	0.0
54	1	train	None	60	None	12	73.35185241699219	73.35185241699219	73.35185241699219	100.0	0.0
54	1	test	None	600	None	12	96.6666488647461	96.6666488647461	96.6666488647461	100.0	41.66666666666667
54	1	train	None	600	None	12	95.42587280273438	95.42587280273438	95.42587280273438	100.0	50.66666666666667
54	1	test	None	72	None	12	72.87037658691406	72.87037658691406	72.87037658691406	100.0	0.0
54	1	train	None	72	None	12	74.0123519897461	74.0123519897461	74.0123519897461	100.0	1.3888888888888888
54	1	test	None	84	None	12	79.90740966796875	79.90740966796875	79.90740966796875	100.0	0.0
54	1	train	None	84	None	12	80.01324462890625	80.01324462890625	80.01324462890625	100.0	3.571428571428571
54	1	test	None	96	None	12	76.20370483398438	76.20370483398438	76.20370483398438	100.0	0.0
54	1	train	None	96	None	12	76.96761322021484	76.96761322021484	76.96761322021484	100.0	2.083333333333333
54	1	test	None	108	None	12	79.90740203857422	79.90740203857422	79.90740203857422	100.0	0.0
54	1	train	None	108	None	12	78.26134490966797	78.26134490966797	78.26134490966797	100.0	1.8518518518518516
55	1	test	None	12	None	12	64.81481170654297	64.81481170654297	64.8148193359375	100.0	0.0
55	1	train	None	12	None	12	74.16666412353516	74.16666412353516	74.16667175292969	100.0	8.333333333333332
55	1	test	None	120	None	12	80.46295928955078	80.46295928955078	80.46295928955078	100.0	8.333333333333332
55	1	train	None	120	None	12	78.38888549804688	78.38888549804688	78.3888931274414	100.0	1.6666666666666667
55	1	test	None	132	None	12	76.85185241699219	76.85185241699219	76.85185241699219	100.0	8.333333333333332
55	1	train	None	132	None	12	78.22388458251953	78.22388458251953	78.22388458251953	100.0	6.8181818181818175
55	1	test	None	144	None	12	79.35185241699219	79.35185241699219	79.35185241699219	100.0	0.0
55	1	train	None	144	None	12	81.76702117919922	81.76702117919922	81.76702117919922	100.0	8.333333333333332
55	1	test	None	156	None	12	83.70370483398438	83.70370483398438	83.70370483398438	100.0	0.0
55	1	train	None	156	None	12	85.77639770507812	85.77639770507812	85.77639770507812	100.0	12.82051282051282
55	1	test	None	168	None	12	75.18518829345703	75.18518829345703	75.18518829345703	100.0	0.0
55	1	train	None	168	None	12	80.99870300292969	80.99870300292969	80.99870300292969	100.0	8.928571428571429
55	1	test	None	180	None	12	77.77777099609375	77.77777099609375	77.77777099609375	100.0	0.0
55	1	train	None	180	None	12	83.46296691894531	83.46296691894531	83.46296691894531	100.0	9.444444444444445
55	1	test	None	192	None	12	78.79629516601562	78.79629516601562	78.79629516601562	100.0	0.0
55	1	train	None	192	None	12	80.76969909667969	80.76969909667969	80.76969909667969	100.0	6.25
55	1	test	None	204	None	12	91.38887786865234	91.38887786865234	91.38887786865234	100.0	8.333333333333332
55	1	train	None	204	None	12	93.92694854736328	93.92694854736328	93.92694854736328	100.0	40.68627450980392
55	1	test	None	216	None	12	83.61111450195312	83.61111450195312	83.61111450195312	100.0	0.0
55	1	train	None	216	None	12	93.82711029052734	93.82711029052734	93.82711029052734	100.0	49.53703703703704
55	1	test	None	228	None	12	89.90740966796875	89.90740966796875	89.90740966796875	100.0	8.333333333333332
55	1	train	None	228	None	12	88.89859008789062	88.89859008789062	88.89859008789062	100.0	22.807017543859647
55	1	test	None	24	None	12	69.90740203857422	69.90740203857422	69.90740203857422	100.0	0.0
55	1	train	None	24	None	12	76.24998474121094	76.24998474121094	76.24998474121094	100.0	4.166666666666666
55	1	test	None	240	None	12	84.8148193359375	84.8148193359375	84.8148193359375	100.0	8.333333333333332
55	1	train	None	240	None	12	89.0925521850586	89.0925521850586	89.0925521850586	100.0	22.5
55	1	test	None	252	None	12	80.37036895751953	80.37036895751953	80.37036895751953	100.0	0.0
55	1	train	None	252	None	12	87.35887908935547	87.35887908935547	87.35887908935547	100.0	22.61904761904762
55	1	test	None	264	None	12	81.29629516601562	81.29629516601562	81.29629516601562	100.0	0.0
55	1	train	None	264	None	12	81.40988159179688	81.40988159179688	81.40988159179688	100.0	7.954545454545454
55	1	test	None	276	None	12	93.88888549804688	93.88888549804688	93.88888549804688	100.0	50.0
55	1	train	None	276	None	12	94.85499572753906	94.85499572753906	94.85499572753906	100.0	52.89855072463768
55	1	test	None	288	None	12	95.64814758300781	95.64814758300781	95.64814758300781	100.0	50.0
55	1	train	None	288	None	12	97.85875701904297	97.85875701904297	97.85875701904297	100.0	75.69444444444444
55	1	test	None	300	None	12	77.6851806640625	77.6851806640625	77.6851806640625	100.0	0.0
55	1	train	None	300	None	12	86.681396484375	86.681396484375	86.681396484375	100.0	17.333333333333336
55	1	test	None	312	None	12	83.88888549804688	83.88888549804688	83.88888549804688	100.0	16.666666666666664
55	1	train	None	312	None	12	88.15516662597656	88.15516662597656	88.15516662597656	100.0	21.794871794871796
55	1	test	None	324	None	12	93.98147583007812	93.98147583007812	93.98148345947266	100.0	41.66666666666667
55	1	train	None	324	None	12	95.66175079345703	95.66175079345703	95.66175079345703	100.0	55.8641975308642
55	1	test	None	336	None	12	91.5740737915039	91.5740737915039	91.5740737915039	100.0	25.0
55	1	train	None	336	None	12	94.57990264892578	94.57990264892578	94.57990264892578	100.0	42.55952380952381
55	1	test	None	348	None	12	92.22222137451172	92.22222137451172	92.22221374511719	100.0	41.66666666666667
55	1	train	None	348	None	12	93.66205596923828	93.66205596923828	93.66205596923828	100.0	46.264367816091955
55	1	test	None	36	None	12	68.42591857910156	68.42591857910156	68.42591857910156	100.0	0.0
55	1	train	None	36	None	12	73.7962875366211	73.7962875366211	73.7962875366211	100.0	0.0
55	1	test	None	360	None	12	80.46295928955078	80.46295928955078	80.46295928955078	100.0	0.0
55	1	train	None	360	None	12	85.9196548461914	85.9196548461914	85.9196548461914	100.0	11.944444444444445
55	1	test	None	372	None	12	96.38888549804688	96.38888549804688	96.38888549804688	100.0	50.0
55	1	train	None	372	None	12	97.77172088623047	97.77172088623047	97.77172088623047	100.0	74.19354838709677
55	1	test	None	384	None	12	87.12963104248047	87.12963104248047	87.12963104248047	100.0	8.333333333333332
55	1	train	None	384	None	12	90.14452362060547	90.14452362060547	90.14452362060547	100.0	30.989583333333332
55	1	test	None	396	None	12	92.96295928955078	92.96295928955078	92.96295928955078	100.0	33.33333333333333
55	1	train	None	396	None	12	92.74674224853516	92.74674224853516	92.74674224853516	100.0	28.28282828282828
55	1	test	None	408	None	12	87.96295928955078	87.96295928955078	87.96295928955078	100.0	16.666666666666664
55	1	train	None	408	None	12	91.39413452148438	91.39413452148438	91.39413452148438	100.0	30.392156862745097
55	1	test	None	420	None	12	92.22221374511719	92.22221374511719	92.22221374511719	100.0	33.33333333333333
55	1	train	None	420	None	12	96.03689575195312	96.03689575195312	96.03689575195312	100.0	60.0
55	1	test	None	432	None	12	82.87036895751953	82.87036895751953	82.87036895751953	100.0	0.0
55	1	train	None	432	None	12	87.3814468383789	87.3814468383789	87.3814468383789	100.0	15.74074074074074
55	1	test	None	444	None	12	96.66667175292969	96.66667175292969	96.66667175292969	100.0	66.66666666666666
55	1	train	None	444	None	12	97.08949279785156	97.08949279785156	97.08949279785156	100.0	72.97297297297297
55	1	test	None	456	None	12	92.31481170654297	92.31481170654297	92.3148193359375	100.0	16.666666666666664
55	1	train	None	456	None	12	93.40135192871094	93.40135192871094	93.40135192871094	100.0	30.701754385964914
55	1	test	None	468	None	12	86.48147583007812	86.48147583007812	86.48148345947266	100.0	0.0
55	1	train	None	468	None	12	86.64268493652344	86.64268493652344	86.64268493652344	100.0	11.538461538461538
55	1	test	None	48	None	12	70.92591857910156	70.92591857910156	70.92591857910156	100.0	0.0
55	1	train	None	48	None	12	73.95832824707031	73.95832824707031	73.95832824707031	100.0	0.0
55	1	test	None	480	None	12	98.33332824707031	98.33332824707031	98.33332824707031	100.0	75.0
55	1	train	None	480	None	12	98.84254455566406	98.84254455566406	98.84254455566406	100.0	79.79166666666667
55	1	test	None	492	None	12	92.31481170654297	92.31481170654297	92.31481170654297	100.0	16.666666666666664
55	1	train	None	492	None	12	93.58829498291016	93.58829498291016	93.58829498291016	100.0	30.691056910569102
55	1	test	None	504	None	12	87.22222137451172	87.22222137451172	87.22222137451172	100.0	0.0
55	1	train	None	504	None	12	89.73516845703125	89.73516845703125	89.73516845703125	100.0	17.857142857142858
55	1	test	None	516	None	12	89.81480407714844	89.81480407714844	89.81480407714844	100.0	8.333333333333332
55	1	train	None	516	None	12	92.1724624633789	92.1724624633789	92.1724624633789	100.0	29.651162790697676
55	1	test	None	528	None	12	97.50000762939453	97.50000762939453	97.50000762939453	100.0	58.333333333333336
55	1	train	None	528	None	12	98.94988250732422	98.94988250732422	98.94988250732422	100.0	80.3030303030303
55	1	test	None	540	None	12	88.0555419921875	88.0555419921875	88.0555419921875	100.0	16.666666666666664
55	1	train	None	540	None	12	90.69519805908203	90.69519805908203	90.69519805908203	100.0	24.444444444444443
55	1	test	None	552	None	12	95.74073791503906	95.74073791503906	95.7407455444336	100.0	66.66666666666666
55	1	train	None	552	None	12	98.59497833251953	98.59497833251953	98.59497833251953	100.0	73.73188405797102
55	1	test	None	564	None	12	99.16666412353516	99.16666412353516	99.16666412353516	100.0	91.66666666666666
55	1	train	None	564	None	12	97.80138397216797	97.80138397216797	97.80138397216797	100.0	78.01418439716312
55	1	test	None	576	None	12	97.5	97.5	97.5	100.0	75.0
55	1	train	None	576	None	12	98.4721908569336	98.4721908569336	98.4721908569336	100.0	83.85416666666666
55	1	test	None	588	None	12	93.98147583007812	93.98147583007812	93.98147583007812	100.0	41.66666666666667
55	1	train	None	588	None	12	96.06568145751953	96.06568145751953	96.06568145751953	100.0	61.904761904761905
55	1	test	None	60	None	12	71.7592544555664	71.7592544555664	71.7592544555664	100.0	0.0
55	1	train	None	60	None	12	74.83333587646484	74.83333587646484	74.83333587646484	100.0	0.0
55	1	test	None	600	None	12	93.98147583007812	93.98147583007812	93.98147583007812	100.0	41.66666666666667
55	1	train	None	600	None	12	91.48316192626953	91.48316192626953	91.48316192626953	100.0	29.666666666666668
55	1	test	None	72	None	12	69.90740203857422	69.90740203857422	69.90740203857422	100.0	0.0
55	1	train	None	72	None	12	75.23148345947266	75.23148345947266	75.23148345947266	100.0	4.166666666666666
55	1	test	None	84	None	12	69.35184478759766	69.35184478759766	69.35184478759766	100.0	0.0
55	1	train	None	84	None	12	73.0555648803711	73.0555648803711	73.0555648803711	100.0	3.571428571428571
55	1	test	None	96	None	12	81.29629516601562	81.29629516601562	81.29629516601562	100.0	0.0
55	1	train	None	96	None	12	78.72684478759766	78.72684478759766	78.72684478759766	100.0	3.125
55	1	test	None	108	None	12	79.62963104248047	79.62963104248047	79.62963104248047	100.0	0.0
55	1	train	None	108	None	12	78.22017669677734	78.22017669677734	78.22017669677734	100.0	0.9259259259259258
56	1	test	None	12	None	12	79.16667175292969	79.16667175292969	79.16667175292969	100.0	0.0
56	1	train	None	12	None	12	80.83333587646484	80.83333587646484	80.83333587646484	100.0	8.333333333333332
56	1	test	None	120	None	12	67.49999237060547	67.49999237060547	67.49999237060547	100.0	8.333333333333332
56	1	train	None	120	None	12	74.15741729736328	74.15741729736328	74.15741729736328	100.0	3.3333333333333335
56	1	test	None	132	None	12	71.66666412353516	71.66666412353516	71.66666412353516	100.0	0.0
56	1	train	None	132	None	12	78.03030395507812	78.03030395507812	78.03030395507812	100.0	5.303030303030303
56	1	test	None	144	None	12	80.0	80.0	80.0	100.0	0.0
56	1	train	None	144	None	12	84.17444610595703	84.17444610595703	84.17444610595703	100.0	11.805555555555555
56	1	test	None	156	None	12	81.66667938232422	81.66667938232422	81.66667938232422	100.0	0.0
56	1	train	None	156	None	12	84.15962219238281	84.15962219238281	84.15962219238281	100.0	8.333333333333332
56	1	test	None	168	None	12	67.49999237060547	67.49999237060547	67.49999237060547	100.0	0.0
56	1	train	None	168	None	12	75.515869140625	75.515869140625	75.515869140625	100.0	3.571428571428571
56	1	test	None	180	None	12	81.66666412353516	81.66666412353516	81.66667938232422	100.0	0.0
56	1	train	None	180	None	12	83.49384307861328	83.49384307861328	83.49384307861328	100.0	8.88888888888889
56	1	test	None	192	None	12	68.33333587646484	68.33333587646484	68.33333587646484	100.0	0.0
56	1	train	None	192	None	12	74.93058013916016	74.93058013916016	74.93058013916016	100.0	2.083333333333333
56	1	test	None	204	None	12	73.33332824707031	73.33332824707031	73.33332824707031	100.0	0.0
56	1	train	None	204	None	12	80.21786499023438	80.21786499023438	80.21786499023438	100.0	4.901960784313726
56	1	test	None	216	None	12	87.5	87.5	87.5	100.0	16.666666666666664
56	1	train	None	216	None	12	91.78495025634766	91.78495025634766	91.78495025634766	100.0	36.574074074074076
56	1	test	None	228	None	12	87.5	87.5	87.5	100.0	8.333333333333332
56	1	train	None	228	None	12	87.37326049804688	87.37326049804688	87.37326049804688	100.0	14.035087719298245
56	1	test	None	24	None	12	75.0	75.0	75.00000762939453	100.0	0.0
56	1	train	None	24	None	12	75.00000762939453	75.00000762939453	75.00000762939453	100.0	0.0
56	1	test	None	240	None	12	87.5	87.5	87.5	100.0	8.333333333333332
56	1	train	None	240	None	12	89.2684555053711	89.2684555053711	89.2684555053711	100.0	24.583333333333332
56	1	test	None	252	None	12	85.00000762939453	85.00000762939453	85.00000762939453	100.0	0.0
56	1	train	None	252	None	12	86.61814880371094	86.61814880371094	86.61814880371094	100.0	10.714285714285714
56	1	test	None	264	None	12	88.33333587646484	88.33333587646484	88.33333587646484	100.0	16.666666666666664
56	1	train	None	264	None	12	86.20367431640625	86.20367431640625	86.20367431640625	100.0	12.5
56	1	test	None	276	None	12	92.5	92.5	92.5	100.0	50.0
56	1	train	None	276	None	12	90.87753295898438	90.87753295898438	90.87753295898438	100.0	30.79710144927536
56	1	test	None	288	None	12	94.16665649414062	94.16665649414062	94.16665649414062	100.0	33.33333333333333
56	1	train	None	288	None	12	96.48912048339844	96.48912048339844	96.48912048339844	100.0	65.27777777777779
56	1	test	None	300	None	12	93.33333587646484	93.33333587646484	93.33333587646484	100.0	50.0
56	1	train	None	300	None	12	95.04804992675781	95.04804992675781	95.04804992675781	100.0	57.666666666666664
56	1	test	None	312	None	12	95.83332824707031	95.83332824707031	95.83332824707031	100.0	58.333333333333336
56	1	train	None	312	None	12	98.07687377929688	98.07687377929688	98.07687377929688	100.0	75.64102564102564
56	1	test	None	324	None	12	92.49999237060547	92.49999237060547	92.49999237060547	100.0	25.0
56	1	train	None	324	None	12	94.59864807128906	94.59864807128906	94.59864807128906	100.0	52.77777777777778
56	1	test	None	336	None	12	95.0	95.0	95.0	100.0	50.0
56	1	train	None	336	None	12	96.5045394897461	96.5045394897461	96.5045394897461	100.0	66.07142857142857
56	1	test	None	348	None	12	92.5	92.5	92.5	100.0	25.0
56	1	train	None	348	None	12	94.8785400390625	94.8785400390625	94.8785400390625	100.0	53.735632183908045
56	1	test	None	36	None	12	70.83332824707031	70.83332824707031	70.83332824707031	100.0	0.0
56	1	train	None	36	None	12	74.3827133178711	74.3827133178711	74.3827133178711	100.0	2.7777777777777777
56	1	test	None	360	None	12	91.66667175292969	91.66667175292969	91.66667175292969	100.0	33.33333333333333
56	1	train	None	360	None	12	92.92576599121094	92.92576599121094	92.92576599121094	100.0	38.88888888888889
56	1	test	None	372	None	12	95.0	95.0	95.0	100.0	41.66666666666667
56	1	train	None	372	None	12	96.58293151855469	96.58293151855469	96.58293151855469	100.0	67.74193548387096
56	1	test	None	384	None	12	80.83334350585938	80.83334350585938	80.83334350585938	100.0	8.333333333333332
56	1	train	None	384	None	12	90.70874786376953	90.70874786376953	90.70874786376953	100.0	31.510416666666668
56	1	test	None	396	None	12	99.16666412353516	99.16666412353516	99.16666412353516	100.0	91.66666666666666
56	1	train	None	396	None	12	99.57068634033203	99.57068634033203	99.57068634033203	100.0	93.43434343434343
56	1	test	None	408	None	12	96.66667175292969	96.66667175292969	96.66667175292969	100.0	66.66666666666666
56	1	train	None	408	None	12	98.5157470703125	98.5157470703125	98.5157470703125	100.0	80.88235294117648
56	1	test	None	420	None	12	99.16666412353516	99.16666412353516	99.16666412353516	100.0	91.66666666666666
56	1	train	None	420	None	12	99.95237731933594	99.95237731933594	99.95237731933594	100.0	95.0
56	1	test	None	432	None	12	93.33333587646484	93.33333587646484	93.33333587646484	100.0	33.33333333333333
56	1	train	None	432	None	12	94.94068908691406	94.94068908691406	94.94068908691406	100.0	49.30555555555556
56	1	test	None	444	None	12	95.0	95.0	95.0	100.0	50.0
56	1	train	None	444	None	12	95.70304870605469	95.70304870605469	95.70304870605469	100.0	56.08108108108109
56	1	test	None	456	None	12	97.50000762939453	97.50000762939453	97.50000762939453	100.0	83.33333333333334
56	1	train	None	456	None	12	99.47123718261719	99.47123718261719	99.47123718261719	100.0	93.64035087719299
56	1	test	None	468	None	12	92.5	92.5	92.5	100.0	25.0
56	1	train	None	468	None	12	94.79800415039062	94.79800415039062	94.79800415039062	100.0	41.88034188034188
56	1	test	None	48	None	12	73.33333587646484	73.33333587646484	73.33333587646484	100.0	0.0
56	1	train	None	48	None	12	73.12500762939453	73.12500762939453	73.12500762939453	100.0	2.083333333333333
56	1	test	None	480	None	12	95.83332824707031	95.83332824707031	95.83332824707031	100.0	58.333333333333336
56	1	train	None	480	None	12	99.07172393798828	99.07172393798828	99.07172393798828	100.0	90.625
56	1	test	None	492	None	12	91.66665649414062	91.66665649414062	91.66665649414062	100.0	33.33333333333333
56	1	train	None	492	None	12	92.33489227294922	92.33489227294922	92.33489227294922	100.0	32.31707317073171
56	1	test	None	504	None	12	97.5	97.5	97.5	100.0	66.66666666666666
56	1	train	None	504	None	12	98.09737396240234	98.09737396240234	98.09737396240234	100.0	76.98412698412699
56	1	test	None	516	None	12	93.33333587646484	93.33333587646484	93.33333587646484	100.0	33.33333333333333
56	1	train	None	516	None	12	95.5769271850586	95.5769271850586	95.5769271850586	100.0	51.162790697674424
56	1	test	None	528	None	12	95.83332824707031	95.83332824707031	95.83332824707031	100.0	58.333333333333336
56	1	train	None	528	None	12	98.23014068603516	98.23014068603516	98.23014068603516	100.0	81.81818181818183
56	1	test	None	540	None	12	89.99999237060547	89.99999237060547	89.99999237060547	100.0	8.333333333333332
56	1	train	None	540	None	12	91.06352996826172	91.06352996826172	91.06352996826172	100.0	22.037037037037038
56	1	test	None	552	None	12	92.49999237060547	92.49999237060547	92.5	100.0	16.666666666666664
56	1	train	None	552	None	12	92.54804992675781	92.54804992675781	92.54804992675781	100.0	30.07246376811594
56	1	test	None	564	None	12	92.49999237060547	92.49999237060547	92.49999237060547	100.0	33.33333333333333
56	1	train	None	564	None	12	96.5858154296875	96.5858154296875	96.5858154296875	100.0	67.73049645390071
56	1	test	None	576	None	12	85.0	85.0	85.0	100.0	8.333333333333332
56	1	train	None	576	None	12	91.56420135498047	91.56420135498047	91.56420135498047	100.0	22.569444444444446
56	1	test	None	588	None	12	98.33332824707031	98.33332824707031	98.33332824707031	100.0	83.33333333333334
56	1	train	None	588	None	12	97.96293640136719	97.96293640136719	97.96293640136719	100.0	76.36054421768708
56	1	test	None	60	None	12	73.33333587646484	73.33333587646484	73.33333587646484	100.0	0.0
56	1	train	None	60	None	12	77.62963104248047	77.62963104248047	77.62963104248047	100.0	1.6666666666666667
56	1	test	None	600	None	12	94.16665649414062	94.16665649414062	94.16665649414062	100.0	41.66666666666667
56	1	train	None	600	None	12	97.7944107055664	97.7944107055664	97.7944107055664	100.0	78.16666666666666
56	1	test	None	72	None	12	76.66666412353516	76.66666412353516	76.66666412353516	100.0	0.0
56	1	train	None	72	None	12	73.54939270019531	73.54939270019531	73.54939270019531	100.0	2.7777777777777777
56	1	test	None	84	None	12	80.0	80.0	80.0	100.0	0.0
56	1	train	None	84	None	12	77.26190948486328	77.26190948486328	77.26190948486328	100.0	2.380952380952381
56	1	test	None	96	None	12	67.49999237060547	67.49999237060547	67.49999237060547	100.0	0.0
56	1	train	None	96	None	12	76.13427734375	76.13427734375	76.13427734375	100.0	3.125
56	1	test	None	108	None	12	79.16667175292969	79.16667175292969	79.16667175292969	100.0	0.0
56	1	train	None	108	None	12	80.73046112060547	80.73046112060547	80.73046112060547	100.0	5.555555555555555
57	1	test	None	12	None	12	70.83332824707031	70.83332824707031	70.83332824707031	100.0	0.0
57	1	train	None	12	None	12	72.5	72.5	72.5	100.0	8.333333333333332
57	1	test	None	120	None	12	74.99999237060547	74.99999237060547	74.99999237060547	100.0	0.0
57	1	train	None	120	None	12	77.44444274902344	77.44444274902344	77.44444274902344	100.0	3.3333333333333335
57	1	test	None	132	None	12	70.83332824707031	70.83332824707031	70.83332824707031	100.0	0.0
57	1	train	None	132	None	12	77.03704071044922	77.03704071044922	77.03704071044922	100.0	3.0303030303030303
57	1	test	None	144	None	12	80.83333587646484	80.83333587646484	80.83333587646484	100.0	16.666666666666664
57	1	train	None	144	None	12	81.48152923583984	81.48152923583984	81.48152923583984	100.0	7.638888888888889
57	1	test	None	156	None	12	81.66666412353516	81.66666412353516	81.66666412353516	100.0	25.0
57	1	train	None	156	None	12	81.52426147460938	81.52426147460938	81.52426147460938	100.0	5.128205128205128
57	1	test	None	168	None	12	92.49999237060547	92.49999237060547	92.49999237060547	100.0	33.33333333333333
57	1	train	None	168	None	12	88.83599853515625	88.83599853515625	88.83599853515625	100.0	23.809523809523807
57	1	test	None	180	None	12	80.0	80.0	80.0	100.0	0.0
57	1	train	None	180	None	12	81.19757080078125	81.19757080078125	81.19757080078125	100.0	5.555555555555555
57	1	test	None	192	None	12	75.00000762939453	75.00000762939453	75.00000762939453	100.0	0.0
57	1	train	None	192	None	12	77.68518829345703	77.68518829345703	77.68518829345703	100.0	3.6458333333333335
57	1	test	None	204	None	12	80.83333587646484	80.83333587646484	80.83333587646484	100.0	0.0
57	1	train	None	204	None	12	85.02176666259766	85.02176666259766	85.02176666259766	100.0	10.294117647058822
57	1	test	None	216	None	12	85.83333587646484	85.83333587646484	85.83333587646484	100.0	8.333333333333332
57	1	train	None	216	None	12	88.36415100097656	88.36415100097656	88.36415100097656	100.0	15.74074074074074
57	1	test	None	228	None	12	91.66665649414062	91.66665649414062	91.66665649414062	100.0	33.33333333333333
57	1	train	None	228	None	12	89.15202331542969	89.15202331542969	89.15202331542969	100.0	19.736842105263158
57	1	test	None	24	None	12	73.33333587646484	73.33333587646484	73.33333587646484	100.0	0.0
57	1	train	None	24	None	12	76.15740203857422	76.15740203857422	76.15740203857422	100.0	0.0
57	1	test	None	240	None	12	84.16667175292969	84.16667175292969	84.16667175292969	100.0	0.0
57	1	train	None	240	None	12	86.30088806152344	86.30088806152344	86.30088806152344	100.0	14.166666666666666
57	1	test	None	252	None	12	83.33332824707031	83.33332824707031	83.33332824707031	100.0	0.0
57	1	train	None	252	None	12	83.62433624267578	83.62433624267578	83.62433624267578	100.0	6.349206349206349
57	1	test	None	264	None	12	88.33332824707031	88.33332824707031	88.33332824707031	100.0	0.0
57	1	train	None	264	None	12	91.61605834960938	91.61605834960938	91.61605834960938	100.0	29.166666666666668
57	1	test	None	276	None	12	81.66667938232422	81.66667938232422	81.66667938232422	100.0	0.0
57	1	train	None	276	None	12	80.26565551757812	80.26565551757812	80.26565551757812	100.0	5.797101449275362
57	1	test	None	288	None	12	88.33332824707031	88.33332824707031	88.33332824707031	100.0	25.0
57	1	train	None	288	None	12	88.52999877929688	88.52999877929688	88.52999877929688	100.0	22.22222222222222
57	1	test	None	300	None	12	87.5	87.5	87.5	100.0	8.333333333333332
57	1	train	None	300	None	12	86.79249572753906	86.79249572753906	86.79249572753906	100.0	14.666666666666666
57	1	test	None	312	None	12	83.33334350585938	83.33334350585938	83.33334350585938	100.0	16.666666666666664
57	1	train	None	312	None	12	88.69294738769531	88.69294738769531	88.69294738769531	100.0	22.115384615384613
57	1	test	None	324	None	12	86.66666412353516	86.66666412353516	86.66666412353516	100.0	8.333333333333332
57	1	train	None	324	None	12	91.67683410644531	91.67683410644531	91.67683410644531	100.0	32.407407407407405
57	1	test	None	336	None	12	92.49999237060547	92.49999237060547	92.49999237060547	100.0	50.0
57	1	train	None	336	None	12	96.09779357910156	96.09779357910156	96.09779357910156	100.0	58.333333333333336
57	1	test	None	348	None	12	98.33333587646484	98.33333587646484	98.33333587646484	100.0	83.33333333333334
57	1	train	None	348	None	12	96.9986572265625	96.9986572265625	96.9986572265625	100.0	72.12643678160919
57	1	test	None	36	None	12	72.49999237060547	72.49999237060547	72.49999237060547	100.0	0.0
57	1	train	None	36	None	12	77.43826293945312	77.43826293945312	77.43826293945312	100.0	0.0
57	1	test	None	360	None	12	76.66666412353516	76.66666412353516	76.66667175292969	100.0	0.0
57	1	train	None	360	None	12	83.80541229248047	83.80541229248047	83.80541229248047	100.0	9.444444444444445
57	1	test	None	372	None	12	85.83333587646484	85.83333587646484	85.83333587646484	100.0	16.666666666666664
57	1	train	None	372	None	12	87.649169921875	87.649169921875	87.649169921875	100.0	18.817204301075268
57	1	test	None	384	None	12	82.50000762939453	82.50000762939453	82.50000762939453	100.0	8.333333333333332
57	1	train	None	384	None	12	87.09468841552734	87.09468841552734	87.09468841552734	100.0	15.104166666666666
57	1	test	None	396	None	12	93.33333587646484	93.33333587646484	93.33333587646484	100.0	25.0
57	1	train	None	396	None	12	93.6137466430664	93.6137466430664	93.6137466430664	100.0	38.88888888888889
57	1	test	None	408	None	12	92.49999237060547	92.49999237060547	92.49999237060547	100.0	25.0
57	1	train	None	408	None	12	94.74385070800781	94.74385070800781	94.74385070800781	100.0	51.71568627450981
57	1	test	None	420	None	12	91.66665649414062	91.66665649414062	91.66665649414062	100.0	25.0
57	1	train	None	420	None	12	92.70613861083984	92.70613861083984	92.70613861083984	100.0	35.0
57	1	test	None	432	None	12	95.83332824707031	95.83332824707031	95.83332824707031	100.0	66.66666666666666
57	1	train	None	432	None	12	96.08011627197266	96.08011627197266	96.08011627197266	100.0	59.72222222222222
57	1	test	None	444	None	12	89.16666412353516	89.16666412353516	89.16666412353516	100.0	0.0
57	1	train	None	444	None	12	93.58087921142578	93.58087921142578	93.58087921142578	100.0	29.954954954954953
57	1	test	None	456	None	12	94.16665649414062	94.16665649414062	94.16665649414062	100.0	50.0
57	1	train	None	456	None	12	95.12897491455078	95.12897491455078	95.12897491455078	100.0	57.675438596491226
57	1	test	None	468	None	12	99.16666412353516	99.16666412353516	99.16666412353516	100.0	91.66666666666666
57	1	train	None	468	None	12	99.2093734741211	99.2093734741211	99.2093734741211	100.0	91.45299145299145
57	1	test	None	48	None	12	70.0	70.0	70.0	100.0	0.0
57	1	train	None	48	None	12	71.57408905029297	71.57408905029297	71.57408905029297	100.0	0.0
57	1	test	None	480	None	12	95.83332824707031	95.83332824707031	95.83332824707031	100.0	66.66666666666666
57	1	train	None	480	None	12	98.45596313476562	98.45596313476562	98.45596313476562	100.0	81.45833333333333
57	1	test	None	492	None	12	95.0	95.0	95.0	100.0	50.0
57	1	train	None	492	None	12	97.80252838134766	97.80252838134766	97.80252838134766	100.0	78.2520325203252
57	1	test	None	504	None	12	95.83332824707031	95.83332824707031	95.83332824707031	100.0	50.0
57	1	train	None	504	None	12	98.54491424560547	98.54491424560547	98.54491424560547	100.0	82.93650793650794
57	1	test	None	516	None	12	90.83332824707031	90.83332824707031	90.83332824707031	100.0	41.66666666666667
57	1	train	None	516	None	12	91.43387603759766	91.43387603759766	91.43387603759766	100.0	34.883720930232556
57	1	test	None	528	None	12	87.49999237060547	87.49999237060547	87.5	100.0	16.666666666666664
57	1	train	None	528	None	12	90.76152801513672	90.76152801513672	90.76152801513672	100.0	21.59090909090909
57	1	test	None	540	None	12	82.5	82.5	82.5	100.0	0.0
57	1	train	None	540	None	12	87.70137023925781	87.70137023925781	87.70137023925781	100.0	12.777777777777777
57	1	test	None	552	None	12	89.16666412353516	89.16666412353516	89.16666412353516	100.0	25.0
57	1	train	None	552	None	12	90.36605072021484	90.36605072021484	90.36605072021484	100.0	23.91304347826087
57	1	test	None	564	None	12	98.33333587646484	98.33333587646484	98.33333587646484	100.0	75.0
57	1	train	None	564	None	12	97.63192749023438	97.63192749023438	97.63192749023438	100.0	74.11347517730496
57	1	test	None	576	None	12	87.5	87.5	87.5	100.0	16.666666666666664
57	1	train	None	576	None	12	89.77787780761719	89.77787780761719	89.77787780761719	100.0	19.270833333333336
57	1	test	None	588	None	12	95.83332824707031	95.83332824707031	95.83332824707031	100.0	58.333333333333336
57	1	train	None	588	None	12	98.45236206054688	98.45236206054688	98.45236206054688	100.0	84.52380952380952
57	1	test	None	60	None	12	69.16665649414062	69.16665649414062	69.16665649414062	100.0	0.0
57	1	train	None	60	None	12	74.33332824707031	74.33332824707031	74.33332824707031	100.0	0.0
57	1	test	None	600	None	12	93.33333587646484	93.33333587646484	93.33333587646484	100.0	50.0
57	1	train	None	600	None	12	93.14987182617188	93.14987182617188	93.14987182617188	100.0	36.0
57	1	test	None	72	None	12	74.16667175292969	74.16667175292969	74.16667175292969	100.0	0.0
57	1	train	None	72	None	12	79.32097625732422	79.32097625732422	79.32097625732422	100.0	5.555555555555555
57	1	test	None	84	None	12	73.33333587646484	73.33333587646484	73.33334350585938	100.0	0.0
57	1	train	None	84	None	12	75.25132751464844	75.25132751464844	75.25132751464844	100.0	3.571428571428571
57	1	test	None	96	None	12	73.33333587646484	73.33333587646484	73.33334350585938	100.0	0.0
57	1	train	None	96	None	12	74.69906616210938	74.69906616210938	74.69906616210938	100.0	3.125
57	1	test	None	108	None	12	70.00000762939453	70.00000762939453	70.00000762939453	100.0	0.0
57	1	train	None	108	None	12	75.21604919433594	75.21604919433594	75.21604919433594	100.0	3.7037037037037033
58	1	test	None	12	None	12	71.66666412353516	71.66666412353516	71.66666412353516	100.0	0.0
58	1	train	None	12	None	12	75.64814758300781	75.64814758300781	75.64814758300781	100.0	0.0
58	1	test	None	120	None	12	77.5	77.5	77.5	100.0	0.0
58	1	train	None	120	None	12	81.2685546875	81.2685546875	81.2685546875	100.0	4.166666666666666
58	1	test	None	132	None	12	70.0	70.0	70.0	100.0	0.0
58	1	train	None	132	None	12	73.54375457763672	73.54375457763672	73.54375457763672	100.0	4.545454545454546
58	1	test	None	144	None	12	75.0	75.0	75.0	100.0	0.0
58	1	train	None	144	None	12	80.1080551147461	80.1080551147461	80.1080551147461	100.0	4.166666666666666
58	1	test	None	156	None	12	79.16667175292969	79.16667175292969	79.16667175292969	100.0	0.0
58	1	train	None	156	None	12	82.70658874511719	82.70658874511719	82.70658874511719	100.0	9.615384615384617
58	1	test	None	168	None	12	75.83333587646484	75.83333587646484	75.83333587646484	100.0	0.0
58	1	train	None	168	None	12	81.16404724121094	81.16404724121094	81.16404724121094	100.0	7.142857142857142
58	1	test	None	180	None	12	74.16666412353516	74.16666412353516	74.16666412353516	100.0	0.0
58	1	train	None	180	None	12	78.97529602050781	78.97529602050781	78.97529602050781	100.0	6.666666666666667
58	1	test	None	192	None	12	80.83334350585938	80.83334350585938	80.83334350585938	100.0	0.0
58	1	train	None	192	None	12	84.21296691894531	84.21296691894531	84.21296691894531	100.0	8.854166666666668
58	1	test	None	204	None	12	75.83332824707031	75.83332824707031	75.83332824707031	100.0	0.0
58	1	train	None	204	None	12	82.03704833984375	82.03704833984375	82.03704833984375	100.0	7.352941176470589
58	1	test	None	216	None	12	91.66667175292969	91.66667175292969	91.66667175292969	100.0	33.33333333333333
58	1	train	None	216	None	12	92.05756378173828	92.05756378173828	92.05756378173828	100.0	34.25925925925926
58	1	test	None	228	None	12	84.16667175292969	84.16667175292969	84.16667175292969	100.0	0.0
58	1	train	None	228	None	12	89.06913757324219	89.06913757324219	89.06913757324219	100.0	21.49122807017544
58	1	test	None	24	None	12	73.33332824707031	73.33332824707031	73.33332824707031	100.0	0.0
58	1	train	None	24	None	12	75.3240737915039	75.3240737915039	75.3240737915039	100.0	0.0
58	1	test	None	240	None	12	93.33333587646484	93.33333587646484	93.33333587646484	100.0	25.0
58	1	train	None	240	None	12	94.7499008178711	94.7499008178711	94.7499008178711	100.0	46.666666666666664
58	1	test	None	252	None	12	84.16666412353516	84.16666412353516	84.16666412353516	100.0	0.0
58	1	train	None	252	None	12	89.81476593017578	89.81476593017578	89.81476593017578	100.0	27.77777777777778
58	1	test	None	264	None	12	87.5	87.5	87.5	100.0	8.333333333333332
58	1	train	None	264	None	12	87.62197875976562	87.62197875976562	87.62197875976562	100.0	18.560606060606062
58	1	test	None	276	None	12	80.83334350585938	80.83334350585938	80.83334350585938	100.0	8.333333333333332
58	1	train	None	276	None	12	85.03622436523438	85.03622436523438	85.03622436523438	100.0	10.507246376811594
58	1	test	None	288	None	12	91.66667175292969	91.66667175292969	91.66667175292969	100.0	25.0
58	1	train	None	288	None	12	94.46363830566406	94.46363830566406	94.46363830566406	100.0	49.30555555555556
58	1	test	None	300	None	12	90.83332824707031	90.83332824707031	90.83332824707031	100.0	16.666666666666664
58	1	train	None	300	None	12	92.54429626464844	92.54429626464844	92.54429626464844	100.0	35.333333333333336
58	1	test	None	312	None	12	85.0	85.0	85.00000762939453	100.0	8.333333333333332
58	1	train	None	312	None	12	86.83753967285156	86.83753967285156	86.83753967285156	100.0	19.55128205128205
58	1	test	None	324	None	12	92.49999237060547	92.49999237060547	92.5	100.0	33.33333333333333
58	1	train	None	324	None	12	97.10557556152344	97.10557556152344	97.10557556152344	100.0	73.14814814814815
58	1	test	None	336	None	12	87.49999237060547	87.49999237060547	87.49999237060547	100.0	25.0
58	1	train	None	336	None	12	91.67314147949219	91.67314147949219	91.67314147949219	100.0	32.142857142857146
58	1	test	None	348	None	12	90.83332824707031	90.83332824707031	90.83332824707031	100.0	16.666666666666664
58	1	train	None	348	None	12	94.99028015136719	94.99028015136719	94.99028015136719	100.0	51.43678160919541
58	1	test	None	36	None	12	75.0	75.0	75.0	100.0	0.0
58	1	train	None	36	None	12	74.78396606445312	74.78396606445312	74.78396606445312	100.0	0.0
58	1	test	None	360	None	12	95.83332824707031	95.83332824707031	95.83332824707031	100.0	50.0
58	1	train	None	360	None	12	97.24066925048828	97.24066925048828	97.24066925048828	100.0	66.66666666666666
58	1	test	None	372	None	12	88.33332824707031	88.33332824707031	88.33333587646484	100.0	16.666666666666664
58	1	train	None	372	None	12	90.97950744628906	90.97950744628906	90.97950744628906	100.0	30.64516129032258
58	1	test	None	384	None	12	88.33332824707031	88.33332824707031	88.33332824707031	100.0	8.333333333333332
58	1	train	None	384	None	12	89.47608184814453	89.47608184814453	89.47608184814453	100.0	22.135416666666664
58	1	test	None	396	None	12	89.99999237060547	89.99999237060547	89.99999237060547	100.0	16.666666666666664
58	1	train	None	396	None	12	91.2652587890625	91.2652587890625	91.2652587890625	100.0	33.58585858585859
58	1	test	None	408	None	12	85.83332824707031	85.83332824707031	85.83333587646484	100.0	0.0
58	1	train	None	408	None	12	88.59184265136719	88.59184265136719	88.59184265136719	100.0	16.42156862745098
58	1	test	None	420	None	12	96.66667175292969	96.66667175292969	96.66667175292969	100.0	66.66666666666666
58	1	train	None	420	None	12	98.24067687988281	98.24067687988281	98.24067687988281	100.0	82.61904761904762
58	1	test	None	432	None	12	98.33333587646484	98.33333587646484	98.33333587646484	100.0	83.33333333333334
58	1	train	None	432	None	12	96.58682250976562	96.58682250976562	96.58682250976562	100.0	66.43518518518519
58	1	test	None	444	None	12	82.5	82.5	82.50000762939453	100.0	8.333333333333332
58	1	train	None	444	None	12	90.43021392822266	90.43021392822266	90.43021392822266	100.0	27.47747747747748
58	1	test	None	456	None	12	97.50000762939453	97.50000762939453	97.50000762939453	100.0	66.66666666666666
58	1	train	None	456	None	12	97.8264389038086	97.8264389038086	97.8264389038086	100.0	76.31578947368422
58	1	test	None	468	None	12	89.16666412353516	89.16666412353516	89.16667175292969	100.0	25.0
58	1	train	None	468	None	12	91.29131317138672	91.29131317138672	91.29131317138672	100.0	27.77777777777778
58	1	test	None	48	None	12	74.16666412353516	74.16666412353516	74.16667175292969	100.0	0.0
58	1	train	None	48	None	12	73.10186004638672	73.10186004638672	73.10186004638672	100.0	0.0
58	1	test	None	480	None	12	88.33332824707031	88.33332824707031	88.33332824707031	100.0	8.333333333333332
58	1	train	None	480	None	12	92.30995178222656	92.30995178222656	92.30995178222656	100.0	35.0
58	1	test	None	492	None	12	95.83332824707031	95.83332824707031	95.83332824707031	100.0	33.33333333333333
58	1	train	None	492	None	12	97.3598861694336	97.3598861694336	97.3598861694336	100.0	70.73170731707317
58	1	test	None	504	None	12	96.66667175292969	96.66667175292969	96.66667175292969	100.0	41.66666666666667
58	1	train	None	504	None	12	98.20539855957031	98.20539855957031	98.20539855957031	100.0	74.20634920634922
58	1	test	None	516	None	12	88.33332824707031	88.33332824707031	88.33332824707031	100.0	8.333333333333332
58	1	train	None	516	None	12	92.29085540771484	92.29085540771484	92.29085540771484	100.0	30.03875968992248
58	1	test	None	528	None	12	94.16666412353516	94.16666412353516	94.16666412353516	100.0	41.66666666666667
58	1	train	None	528	None	12	96.10675048828125	96.10675048828125	96.10675048828125	100.0	61.5530303030303
58	1	test	None	540	None	12	95.83332824707031	95.83332824707031	95.83332824707031	100.0	33.33333333333333
58	1	train	None	540	None	12	97.37027740478516	97.37027740478516	97.37027740478516	100.0	65.74074074074075
58	1	test	None	552	None	12	91.66665649414062	91.66665649414062	91.66665649414062	100.0	25.0
58	1	train	None	552	None	12	94.42613220214844	94.42613220214844	94.42613220214844	100.0	46.73913043478261
58	1	test	None	564	None	12	92.49999237060547	92.49999237060547	92.49999237060547	100.0	25.0
58	1	train	None	564	None	12	95.83519744873047	95.83519744873047	95.83519744873047	100.0	58.333333333333336
58	1	test	None	576	None	12	90.83333587646484	90.83333587646484	90.83333587646484	100.0	0.0
58	1	train	None	576	None	12	92.05802917480469	92.05802917480469	92.05802917480469	100.0	26.5625
58	1	test	None	588	None	12	89.99998474121094	89.99998474121094	89.99999237060547	100.0	25.0
58	1	train	None	588	None	12	93.35962677001953	93.35962677001953	93.35962677001953	100.0	39.1156462585034
58	1	test	None	60	None	12	70.83332824707031	70.83332824707031	70.83332824707031	100.0	0.0
58	1	train	None	60	None	12	71.37037658691406	71.37037658691406	71.37037658691406	100.0	1.6666666666666667
58	1	test	None	600	None	12	85.83332824707031	85.83332824707031	85.83332824707031	100.0	0.0
58	1	train	None	600	None	12	88.5238265991211	88.5238265991211	88.5238265991211	100.0	17.166666666666668
58	1	test	None	72	None	12	70.83332824707031	70.83332824707031	70.83332824707031	100.0	0.0
58	1	train	None	72	None	12	75.89506530761719	75.89506530761719	75.89506530761719	100.0	4.166666666666666
58	1	test	None	84	None	12	71.66667175292969	71.66667175292969	71.66667175292969	100.0	0.0
58	1	train	None	84	None	12	78.43915557861328	78.43915557861328	78.43915557861328	100.0	1.1904761904761905
58	1	test	None	96	None	12	68.33333587646484	68.33333587646484	68.33333587646484	100.0	0.0
58	1	train	None	96	None	12	77.03704833984375	77.03704833984375	77.03704833984375	100.0	2.083333333333333
58	1	test	None	108	None	12	66.66665649414062	66.66665649414062	66.66665649414062	100.0	0.0
58	1	train	None	108	None	12	73.72427368164062	73.72427368164062	73.72427368164062	100.0	1.8518518518518516
59	1	test	None	12	None	12	70.46296691894531	70.46296691894531	70.46297454833984	100.0	0.0
59	1	train	None	12	None	12	76.1111068725586	76.1111068725586	76.1111068725586	100.0	0.0
59	1	test	None	120	None	12	72.40740966796875	72.40740966796875	72.40740966796875	100.0	0.0
59	1	train	None	120	None	12	78.3240737915039	78.3240737915039	78.3240737915039	100.0	2.5
59	1	test	None	132	None	12	75.64814758300781	75.64814758300781	75.64814758300781	100.0	8.333333333333332
59	1	train	None	132	None	12	78.54379272460938	78.54379272460938	78.54379272460938	100.0	4.545454545454546
59	1	test	None	144	None	12	73.98148345947266	73.98148345947266	73.98148345947266	100.0	0.0
59	1	train	None	144	None	12	78.61111450195312	78.61111450195312	78.61111450195312	100.0	4.861111111111112
59	1	test	None	156	None	12	79.8148193359375	79.8148193359375	79.8148193359375	100.0	0.0
59	1	train	None	156	None	12	83.8675537109375	83.8675537109375	83.8675537109375	100.0	10.897435897435898
59	1	test	None	168	None	12	74.90740203857422	74.90740203857422	74.90740203857422	100.0	0.0
59	1	train	None	168	None	12	79.80162811279297	79.80162811279297	79.80162811279297	100.0	5.952380952380952
59	1	test	None	180	None	12	75.74073791503906	75.74073791503906	75.7407455444336	100.0	0.0
59	1	train	None	180	None	12	81.38274383544922	81.38274383544922	81.38274383544922	100.0	6.111111111111111
59	1	test	None	192	None	12	79.8148193359375	79.8148193359375	79.8148193359375	100.0	0.0
59	1	train	None	192	None	12	82.19910430908203	82.19910430908203	82.19910430908203	100.0	6.770833333333333
59	1	test	None	204	None	12	88.14814758300781	88.14814758300781	88.14814758300781	100.0	25.0
59	1	train	None	204	None	12	89.8856201171875	89.8856201171875	89.8856201171875	100.0	24.509803921568626
59	1	test	None	216	None	12	74.81481170654297	74.81481170654297	74.81481170654297	100.0	0.0
59	1	train	None	216	None	12	78.98145294189453	78.98145294189453	78.98145294189453	100.0	4.166666666666666
59	1	test	None	228	None	12	79.8148193359375	79.8148193359375	79.8148193359375	100.0	0.0
59	1	train	None	228	None	12	84.41030883789062	84.41030883789062	84.41030883789062	100.0	8.333333333333332
59	1	test	None	24	None	12	70.46296691894531	70.46296691894531	70.46297454833984	100.0	0.0
59	1	train	None	24	None	12	69.53704071044922	69.53704071044922	69.53704071044922	100.0	0.0
59	1	test	None	240	None	12	84.90739440917969	84.90739440917969	84.90739440917969	100.0	16.666666666666664
59	1	train	None	240	None	12	88.93515014648438	88.93515014648438	88.93515014648438	100.0	25.0
59	1	test	None	252	None	12	88.24073791503906	88.24073791503906	88.24073791503906	100.0	16.666666666666664
59	1	train	None	252	None	12	89.6868896484375	89.6868896484375	89.6868896484375	100.0	18.650793650793652
59	1	test	None	264	None	12	85.74073791503906	85.74073791503906	85.74075317382812	100.0	8.333333333333332
59	1	train	None	264	None	12	91.7044677734375	91.7044677734375	91.7044677734375	100.0	32.57575757575758
59	1	test	None	276	None	12	84.81481170654297	84.81481170654297	84.81481170654297	100.0	0.0
59	1	train	None	276	None	12	87.19400024414062	87.19400024414062	87.19400024414062	100.0	16.666666666666664
59	1	test	None	288	None	12	83.2407455444336	83.2407455444336	83.2407455444336	100.0	0.0
59	1	train	None	288	None	12	86.89807891845703	86.89807891845703	86.89807891845703	100.0	12.5
59	1	test	None	300	None	12	94.07408142089844	94.07408142089844	94.07408142089844	100.0	41.66666666666667
59	1	train	None	300	None	12	96.6925048828125	96.6925048828125	96.6925048828125	100.0	63.33333333333333
59	1	test	None	312	None	12	88.14814758300781	88.14814758300781	88.14814758300781	100.0	25.0
59	1	train	None	312	None	12	91.48844909667969	91.48844909667969	91.48844909667969	100.0	33.97435897435898
59	1	test	None	324	None	12	94.90740203857422	94.90740203857422	94.90740203857422	100.0	58.333333333333336
59	1	train	None	324	None	12	95.80921173095703	95.80921173095703	95.80921173095703	100.0	59.876543209876544
59	1	test	None	336	None	12	87.31480407714844	87.31480407714844	87.31481170654297	100.0	25.0
59	1	train	None	336	None	12	92.29158782958984	92.29158782958984	92.29158782958984	100.0	40.476190476190474
59	1	test	None	348	None	12	92.40740966796875	92.40740966796875	92.40740966796875	100.0	25.0
59	1	train	None	348	None	12	93.33955383300781	93.33955383300781	93.33955383300781	100.0	38.2183908045977
59	1	test	None	36	None	12	72.22222900390625	72.22222900390625	72.22222900390625	100.0	0.0
59	1	train	None	36	None	12	73.51850891113281	73.51850891113281	73.51850891113281	100.0	0.0
59	1	test	None	360	None	12	89.07406616210938	89.07406616210938	89.07406616210938	100.0	16.666666666666664
59	1	train	None	360	None	12	93.19735717773438	93.19735717773438	93.19735717773438	100.0	42.22222222222222
59	1	test	None	372	None	12	92.40740966796875	92.40740966796875	92.40740966796875	100.0	33.33333333333333
59	1	train	None	372	None	12	93.25251770019531	93.25251770019531	93.25251770019531	100.0	40.32258064516129
59	1	test	None	384	None	12	95.00000762939453	95.00000762939453	95.00000762939453	100.0	33.33333333333333
59	1	train	None	384	None	12	92.8672866821289	92.8672866821289	92.8672866821289	100.0	33.85416666666667
59	1	test	None	396	None	12	91.5740737915039	91.5740737915039	91.5740737915039	100.0	25.0
59	1	train	None	396	None	12	92.3398666381836	92.3398666381836	92.3398666381836	100.0	30.303030303030305
59	1	test	None	408	None	12	96.66667175292969	96.66667175292969	96.66667175292969	100.0	50.0
59	1	train	None	408	None	12	94.93175506591797	94.93175506591797	94.93175506591797	100.0	52.69607843137255
59	1	test	None	420	None	12	94.90740966796875	94.90740966796875	94.90740966796875	100.0	58.333333333333336
59	1	train	None	420	None	12	95.9892807006836	95.9892807006836	95.9892807006836	100.0	61.66666666666667
59	1	test	None	432	None	12	93.8888931274414	93.8888931274414	93.8888931274414	100.0	58.333333333333336
59	1	train	None	432	None	12	94.7683334350586	94.7683334350586	94.7683334350586	100.0	51.388888888888886
59	1	test	None	444	None	12	95.74073791503906	95.74073791503906	95.74073791503906	100.0	58.333333333333336
59	1	train	None	444	None	12	96.96435546875	96.96435546875	96.96435546875	100.0	69.14414414414415
59	1	test	None	456	None	12	99.07408142089844	99.07408142089844	99.07408142089844	100.0	91.66666666666666
59	1	train	None	456	None	12	99.55164337158203	99.55164337158203	99.55164337158203	100.0	91.8859649122807
59	1	test	None	468	None	12	87.40740203857422	87.40740203857422	87.40740203857422	100.0	8.333333333333332
59	1	train	None	468	None	12	91.98937225341797	91.98937225341797	91.98937225341797	100.0	30.76923076923077
59	1	test	None	48	None	12	70.55554962158203	70.55554962158203	70.55554962158203	100.0	0.0
59	1	train	None	48	None	12	72.84720611572266	72.84720611572266	72.84720611572266	100.0	0.0
59	1	test	None	480	None	12	99.07408142089844	99.07408142089844	99.07408142089844	100.0	91.66666666666666
59	1	train	None	480	None	12	99.27080535888672	99.27080535888672	99.27080535888672	100.0	89.375
59	1	test	None	492	None	12	99.16666412353516	99.16666412353516	99.16666412353516	100.0	83.33333333333334
59	1	train	None	492	None	12	98.48233032226562	98.48233032226562	98.48233032226562	100.0	83.73983739837398
59	1	test	None	504	None	12	88.14814758300781	88.14814758300781	88.14814758300781	100.0	16.666666666666664
59	1	train	None	504	None	12	92.17345428466797	92.17345428466797	92.17345428466797	100.0	32.142857142857146
59	1	test	None	516	None	12	94.0740737915039	94.0740737915039	94.0740737915039	100.0	41.66666666666667
59	1	train	None	516	None	12	95.79872131347656	95.79872131347656	95.79872131347656	100.0	59.883720930232556
59	1	test	None	528	None	12	94.90740966796875	94.90740966796875	94.90740966796875	100.0	66.66666666666666
59	1	train	None	528	None	12	95.41648864746094	95.41648864746094	95.41648864746094	100.0	58.90151515151515
59	1	test	None	540	None	12	95.74073791503906	95.74073791503906	95.74073791503906	100.0	50.0
59	1	train	None	540	None	12	94.45452880859375	94.45452880859375	94.45452880859375	100.0	41.85185185185185
59	1	test	None	552	None	12	97.40740966796875	97.40740966796875	97.40740966796875	100.0	75.0
59	1	train	None	552	None	12	95.64800262451172	95.64800262451172	95.64800262451172	100.0	57.971014492753625
59	1	test	None	564	None	12	88.14814758300781	88.14814758300781	88.14814758300781	100.0	16.666666666666664
59	1	train	None	564	None	12	90.16722106933594	90.16722106933594	90.16722106933594	100.0	23.75886524822695
59	1	test	None	576	None	12	91.66667175292969	91.66667175292969	91.66667175292969	100.0	8.333333333333332
59	1	train	None	576	None	12	93.68421936035156	93.68421936035156	93.68421936035156	100.0	43.40277777777778
59	1	test	None	588	None	12	97.5	97.5	97.5	100.0	75.0
59	1	train	None	588	None	12	98.62432861328125	98.62432861328125	98.62432861328125	100.0	87.07482993197279
59	1	test	None	60	None	12	63.05554962158203	63.05554962158203	63.05554962158203	100.0	0.0
59	1	train	None	60	None	12	73.66667175292969	73.66667175292969	73.66667175292969	100.0	1.6666666666666667
59	1	test	None	600	None	12	96.5740737915039	96.5740737915039	96.5740737915039	100.0	66.66666666666666
59	1	train	None	600	None	12	97.9462890625	97.9462890625	97.9462890625	100.0	79.5
59	1	test	None	72	None	12	70.74073791503906	70.74073791503906	70.74073791503906	100.0	0.0
59	1	train	None	72	None	12	74.19754028320312	74.19754028320312	74.19754028320312	100.0	2.7777777777777777
59	1	test	None	84	None	12	65.64814758300781	65.64814758300781	65.64814758300781	100.0	0.0
59	1	train	None	84	None	12	75.22486114501953	75.22486114501953	75.22486114501953	100.0	1.1904761904761905
59	1	test	None	96	None	12	67.40740203857422	67.40740203857422	67.40740203857422	100.0	0.0
59	1	train	None	96	None	12	76.75926208496094	76.75926208496094	76.75926208496094	100.0	1.0416666666666665
59	1	test	None	108	None	12	74.07408142089844	74.07408142089844	74.07408142089844	100.0	0.0
59	1	train	None	108	None	12	78.9609375	78.9609375	78.9609375	100.0	1.8518518518518516
