45	1	test	None	12	None	12	79.72222137451172	79.72222137451172	79.72222137451172	100.0	0.0
45	1	train	None	12	None	12	99.16666412353516	99.16666412353516	99.16666412353516	100.0	91.66666666666666
45	1	test	None	120	None	12	86.3888931274414	86.3888931274414	86.3888931274414	100.0	8.333333333333332
45	1	train	None	120	None	12	97.99076080322266	97.99076080322266	97.99076080322266	100.0	80.83333333333333
45	1	test	None	132	None	12	88.98147583007812	88.98147583007812	88.98147583007812	100.0	25.0
45	1	train	None	132	None	12	98.91415405273438	98.91415405273438	98.91415405273438	100.0	89.39393939393939
45	1	test	None	144	None	12	97.40740966796875	97.40740966796875	97.40740966796875	100.0	58.333333333333336
45	1	train	None	144	None	12	100.0	100.0	100.0	100.0	100.0
45	1	test	None	156	None	12	99.07408142089844	99.07408142089844	99.07408142089844	100.0	83.33333333333334
45	1	train	None	156	None	12	100.0	100.0	100.0	100.0	100.0
45	1	test	None	168	None	12	98.14815521240234	98.14815521240234	98.14815521240234	100.0	83.33333333333334
45	1	train	None	168	None	12	99.44444274902344	99.44444274902344	99.44444274902344	100.0	94.64285714285714
45	1	test	None	180	None	12	97.40740966796875	97.40740966796875	97.40740966796875	100.0	75.0
45	1	train	None	180	None	12	99.27777099609375	99.27777099609375	99.27777099609375	100.0	90.55555555555556
45	1	test	None	192	None	12	96.66667175292969	96.66667175292969	96.66667175292969	100.0	66.66666666666666
45	1	train	None	192	None	12	100.0	100.0	100.0	100.0	98.95833333333334
45	1	test	None	204	None	12	97.40740966796875	97.40740966796875	97.40740966796875	100.0	75.0
45	1	train	None	204	None	12	99.64596557617188	99.64596557617188	99.64596557617188	100.0	95.58823529411765
45	1	test	None	216	None	12	96.48148345947266	96.48148345947266	96.48148345947266	100.0	66.66666666666666
45	1	train	None	216	None	12	99.8611068725586	99.8611068725586	99.8611068725586	100.0	96.75925925925925
45	1	test	None	228	None	12	97.5	97.5	97.5	100.0	66.66666666666666
45	1	train	None	228	None	12	99.42981719970703	99.42981719970703	99.42981719970703	100.0	94.2982456140351
45	1	test	None	24	None	12	83.88888549804688	83.88888549804688	83.88888549804688	100.0	0.0
45	1	train	None	24	None	12	99.58333587646484	99.58333587646484	99.58333587646484	100.0	95.83333333333334
45	1	test	None	240	None	12	98.24073791503906	98.24073791503906	98.24073791503906	100.0	83.33333333333334
45	1	train	None	240	None	12	99.875	99.875	99.875	100.0	96.25
45	1	test	None	252	None	12	97.40740966796875	97.40740966796875	97.40740966796875	100.0	66.66666666666666
45	1	train	None	252	None	12	98.88004302978516	98.88004302978516	98.88004302978516	100.0	87.3015873015873
45	1	test	None	264	None	12	96.48148345947266	96.48148345947266	96.48148345947266	100.0	66.66666666666666
45	1	train	None	264	None	12	99.52439880371094	99.52439880371094	99.52439880371094	100.0	94.6969696969697
45	1	test	None	276	None	12	98.24073791503906	98.24073791503906	98.24073791503906	100.0	75.0
45	1	train	None	276	None	12	99.8550796508789	99.8550796508789	99.8550796508789	100.0	98.55072463768117
45	1	test	None	288	None	12	97.3148193359375	97.3148193359375	97.3148193359375	100.0	75.0
45	1	train	None	288	None	12	98.9891586303711	98.9891586303711	98.9891586303711	100.0	89.93055555555556
45	1	test	None	300	None	12	95.7407455444336	95.7407455444336	95.7407455444336	100.0	58.333333333333336
45	1	train	None	300	None	12	98.31846618652344	98.31846618652344	98.31846618652344	100.0	83.33333333333334
45	1	test	None	312	None	12	96.66666412353516	96.66666412353516	96.66666412353516	100.0	58.333333333333336
45	1	train	None	312	None	12	97.26132202148438	97.26132202148438	97.26132202148438	100.0	76.28205128205127
45	1	test	None	324	None	12	95.0	95.0	95.0	100.0	41.66666666666667
45	1	train	None	324	None	12	97.0541000366211	97.0541000366211	97.0541000366211	100.0	71.91358024691358
45	1	test	None	336	None	12	99.16666412353516	99.16666412353516	99.16666412353516	100.0	91.66666666666666
45	1	train	None	336	None	12	99.46427154541016	99.46427154541016	99.46427154541016	100.0	94.34523809523809
45	1	test	None	348	None	12	99.07408142089844	99.07408142089844	99.07408142089844	100.0	91.66666666666666
45	1	train	None	348	None	12	99.061279296875	99.061279296875	99.061279296875	100.0	81.03448275862068
45	1	test	None	36	None	12	80.55555725097656	80.55555725097656	80.55555725097656	100.0	0.0
45	1	train	None	36	None	12	94.69134521484375	94.69134521484375	94.69134521484375	100.0	63.888888888888886
45	1	test	None	360	None	12	97.40740966796875	97.40740966796875	97.40740966796875	100.0	75.0
45	1	train	None	360	None	12	97.45979309082031	97.45979309082031	97.45979309082031	100.0	72.22222222222221
45	1	test	None	372	None	12	96.48148345947266	96.48148345947266	96.48148345947266	100.0	66.66666666666666
45	1	train	None	372	None	12	97.84940338134766	97.84940338134766	97.84940338134766	100.0	80.91397849462365
45	1	test	None	384	None	12	97.40740966796875	97.40740966796875	97.40740966796875	100.0	75.0
45	1	train	None	384	None	12	98.88016510009766	98.88016510009766	98.88016510009766	100.0	88.54166666666666
45	1	test	None	396	None	12	96.5740737915039	96.5740737915039	96.5740737915039	100.0	66.66666666666666
45	1	train	None	396	None	12	97.22774505615234	97.22774505615234	97.22774505615234	100.0	71.71717171717171
45	1	test	None	408	None	12	99.07408142089844	99.07408142089844	99.07408142089844	100.0	91.66666666666666
45	1	train	None	408	None	12	99.60782623291016	99.60782623291016	99.60782623291016	100.0	96.07843137254902
45	1	test	None	420	None	12	96.48148345947266	96.48148345947266	96.48148345947266	100.0	66.66666666666666
45	1	train	None	420	None	12	98.20100402832031	98.20100402832031	98.20100402832031	100.0	80.0
45	1	test	None	432	None	12	97.40740966796875	97.40740966796875	97.40740966796875	100.0	75.0
45	1	train	None	432	None	12	98.15837097167969	98.15837097167969	98.15837097167969	100.0	81.01851851851852
45	1	test	None	444	None	12	98.24073791503906	98.24073791503906	98.24073791503906	100.0	83.33333333333334
45	1	train	None	444	None	12	99.43441009521484	99.43441009521484	99.43441009521484	100.0	94.36936936936937
45	1	test	None	456	None	12	99.07408142089844	99.07408142089844	99.07408142089844	100.0	91.66666666666666
45	1	train	None	456	None	12	99.14227294921875	99.14227294921875	99.14227294921875	100.0	91.22807017543859
45	1	test	None	468	None	12	99.16666412353516	99.16666412353516	99.16666412353516	100.0	83.33333333333334
45	1	train	None	468	None	12	99.29484558105469	99.29484558105469	99.29484558105469	100.0	86.75213675213675
45	1	test	None	48	None	12	81.48148345947266	81.48148345947266	81.48148345947266	100.0	0.0
45	1	train	None	48	None	12	97.29166412353516	97.29166412353516	97.29166412353516	100.0	79.16666666666666
45	1	test	None	480	None	12	100.0	100.0	100.0	100.0	100.0
45	1	train	None	480	None	12	99.72684478759766	99.72684478759766	99.72684478759766	100.0	84.79166666666667
45	1	test	None	492	None	12	99.16666412353516	99.16666412353516	99.16666412353516	100.0	91.66666666666666
45	1	train	None	492	None	12	99.24793243408203	99.24793243408203	99.24793243408203	100.0	91.869918699187
45	1	test	None	504	None	12	98.33332824707031	98.33332824707031	98.33332824707031	100.0	83.33333333333334
45	1	train	None	504	None	12	99.90078735351562	99.90078735351562	99.90078735351562	100.0	99.0079365079365
45	1	test	None	516	None	12	98.24073791503906	98.24073791503906	98.24073791503906	100.0	83.33333333333334
45	1	train	None	516	None	12	97.41593170166016	97.41593170166016	97.41593170166016	100.0	76.35658914728683
45	1	test	None	528	None	12	97.40740966796875	97.40740966796875	97.40740966796875	100.0	75.0
45	1	train	None	528	None	12	99.5433349609375	99.5433349609375	99.5433349609375	100.0	91.47727272727273
45	1	test	None	540	None	12	99.07408142089844	99.07408142089844	99.07408142089844	100.0	91.66666666666666
45	1	train	None	540	None	12	98.9526596069336	98.9526596069336	98.9526596069336	100.0	90.55555555555556
45	1	test	None	552	None	12	96.48148345947266	96.48148345947266	96.48148345947266	100.0	66.66666666666666
45	1	train	None	552	None	12	96.1150131225586	96.1150131225586	96.1150131225586	100.0	63.949275362318836
45	1	test	None	564	None	12	96.57406616210938	96.57406616210938	96.57406616210938	100.0	66.66666666666666
45	1	train	None	564	None	12	97.93731689453125	97.93731689453125	97.93731689453125	100.0	78.90070921985816
45	1	test	None	576	None	12	96.66667175292969	96.66667175292969	96.66667175292969	100.0	66.66666666666666
45	1	train	None	576	None	12	97.75841522216797	97.75841522216797	97.75841522216797	100.0	78.47222222222221
45	1	test	None	588	None	12	99.16666412353516	99.16666412353516	99.16666412353516	100.0	83.33333333333334
45	1	train	None	588	None	12	99.65986633300781	99.65986633300781	99.65986633300781	100.0	94.38775510204081
45	1	test	None	60	None	12	83.98149108886719	83.98149108886719	83.98149108886719	100.0	0.0
45	1	train	None	60	None	12	97.12963104248047	97.12963104248047	97.12963104248047	100.0	76.66666666666667
45	1	test	None	600	None	12	99.16666412353516	99.16666412353516	99.16666412353516	100.0	91.66666666666666
45	1	train	None	600	None	12	97.33145141601562	97.33145141601562	97.33145141601562	100.0	73.83333333333333
45	1	test	None	72	None	12	81.3888931274414	81.3888931274414	81.3888931274414	100.0	0.0
45	1	train	None	72	None	12	96.6512451171875	96.6512451171875	96.6512451171875	100.0	75.0
45	1	test	None	84	None	12	82.22222137451172	82.22222137451172	82.22222137451172	100.0	0.0
45	1	train	None	84	None	12	96.1375732421875	96.1375732421875	96.1375732421875	100.0	70.23809523809523
45	1	test	None	96	None	12	84.72222900390625	84.72222900390625	84.72222900390625	100.0	8.333333333333332
45	1	train	None	96	None	12	98.22917175292969	98.22917175292969	98.22917175292969	100.0	85.41666666666666
45	1	test	None	108	None	12	86.38887786865234	86.38887786865234	86.38887786865234	100.0	8.333333333333332
45	1	train	None	108	None	12	97.08848571777344	97.08848571777344	97.08848571777344	100.0	77.77777777777779
46	1	test	None	12	None	12	84.16666412353516	84.16666412353516	84.16666412353516	100.0	0.0
46	1	train	None	12	None	12	98.33333587646484	98.33333587646484	98.33333587646484	100.0	91.66666666666666
46	1	test	None	120	None	12	89.16665649414062	89.16665649414062	89.16665649414062	100.0	0.0
46	1	train	None	120	None	12	98.56482696533203	98.56482696533203	98.56482696533203	100.0	87.5
46	1	test	None	132	None	12	87.5	87.5	87.5	100.0	8.333333333333332
46	1	train	None	132	None	12	94.13304138183594	94.13304138183594	94.13304138183594	100.0	52.27272727272727
46	1	test	None	144	None	12	97.50000762939453	97.50000762939453	97.50000762939453	100.0	58.333333333333336
46	1	train	None	144	None	12	99.79167938232422	99.79167938232422	99.79167938232422	100.0	97.91666666666666
46	1	test	None	156	None	12	94.16665649414062	94.16665649414062	94.16665649414062	100.0	50.0
46	1	train	None	156	None	12	99.55130004882812	99.55130004882812	99.55130004882812	100.0	95.51282051282051
46	1	test	None	168	None	12	96.66666412353516	96.66666412353516	96.66666412353516	100.0	66.66666666666666
46	1	train	None	168	None	12	98.92196655273438	98.92196655273438	98.92196655273438	100.0	88.69047619047619
46	1	test	None	180	None	12	95.83332824707031	95.83332824707031	95.83332824707031	100.0	66.66666666666666
46	1	train	None	180	None	12	99.72222137451172	99.72222137451172	99.72222137451172	100.0	97.77777777777777
46	1	test	None	192	None	12	98.33333587646484	98.33333587646484	98.33333587646484	100.0	75.0
46	1	train	None	192	None	12	99.79167175292969	99.79167175292969	99.79167175292969	100.0	97.91666666666666
46	1	test	None	204	None	12	96.66667175292969	96.66667175292969	96.66667175292969	100.0	66.66666666666666
46	1	train	None	204	None	12	98.87254333496094	98.87254333496094	98.87254333496094	100.0	87.25490196078431
46	1	test	None	216	None	12	99.16666412353516	99.16666412353516	99.16666412353516	100.0	83.33333333333334
46	1	train	None	216	None	12	98.65738677978516	98.65738677978516	98.65738677978516	100.0	87.5
46	1	test	None	228	None	12	96.66667175292969	96.66667175292969	96.66667175292969	100.0	75.0
46	1	train	None	228	None	12	99.0594482421875	99.0594482421875	99.0594482421875	100.0	91.66666666666666
46	1	test	None	24	None	12	84.99999237060547	84.99999237060547	84.99999237060547	100.0	0.0
46	1	train	None	24	None	12	99.58333587646484	99.58333587646484	99.58333587646484	100.0	95.83333333333334
46	1	test	None	240	None	12	98.33333587646484	98.33333587646484	98.33333587646484	100.0	83.33333333333334
46	1	train	None	240	None	12	99.6111068725586	99.6111068725586	99.6111068725586	100.0	96.25
46	1	test	None	252	None	12	93.33332061767578	93.33332061767578	93.33332061767578	100.0	33.33333333333333
46	1	train	None	252	None	12	98.40824127197266	98.40824127197266	98.40824127197266	100.0	81.34920634920636
46	1	test	None	264	None	12	95.0	95.0	95.0	100.0	50.0
46	1	train	None	264	None	12	99.1498031616211	99.1498031616211	99.1498031616211	100.0	90.15151515151516
46	1	test	None	276	None	12	97.5	97.5	97.5	100.0	75.0
46	1	train	None	276	None	12	99.63768005371094	99.63768005371094	99.63768005371094	100.0	96.37681159420289
46	1	test	None	288	None	12	96.66667175292969	96.66667175292969	96.66667175292969	100.0	83.33333333333334
46	1	train	None	288	None	12	98.74227905273438	98.74227905273438	98.74227905273438	100.0	91.66666666666666
46	1	test	None	300	None	12	99.16666412353516	99.16666412353516	99.16666412353516	100.0	91.66666666666666
46	1	train	None	300	None	12	100.0	100.0	100.0	100.0	98.66666666666667
46	1	test	None	312	None	12	96.66667175292969	96.66667175292969	96.66667175292969	100.0	66.66666666666666
46	1	train	None	312	None	12	99.1630859375	99.1630859375	99.1630859375	100.0	86.85897435897436
46	1	test	None	324	None	12	97.5	97.5	97.5	100.0	75.0
46	1	train	None	324	None	12	99.10148620605469	99.10148620605469	99.10148620605469	100.0	90.12345679012346
46	1	test	None	336	None	12	98.33332824707031	98.33332824707031	98.33332824707031	100.0	83.33333333333334
46	1	train	None	336	None	12	99.3386001586914	99.3386001586914	99.3386001586914	100.0	91.96428571428571
46	1	test	None	348	None	12	96.66667175292969	96.66667175292969	96.66667175292969	100.0	75.0
46	1	train	None	348	None	12	98.64301300048828	98.64301300048828	98.64301300048828	100.0	87.06896551724138
46	1	test	None	36	None	12	84.16666412353516	84.16666412353516	84.16666412353516	100.0	0.0
46	1	train	None	36	None	12	94.1666488647461	94.1666488647461	94.1666488647461	100.0	66.66666666666666
46	1	test	None	360	None	12	96.66666412353516	96.66666412353516	96.66666412353516	100.0	66.66666666666666
46	1	train	None	360	None	12	95.7930908203125	95.7930908203125	95.7930908203125	100.0	60.55555555555555
46	1	test	None	372	None	12	97.49999237060547	97.49999237060547	97.49999237060547	100.0	66.66666666666666
46	1	train	None	372	None	12	98.33328247070312	98.33328247070312	98.33328247070312	100.0	77.41935483870968
46	1	test	None	384	None	12	98.33333587646484	98.33333587646484	98.33333587646484	100.0	83.33333333333334
46	1	train	None	384	None	12	99.60936737060547	99.60936737060547	99.60936737060547	100.0	96.09375
46	1	test	None	396	None	12	99.16666412353516	99.16666412353516	99.16666412353516	100.0	83.33333333333334
46	1	train	None	396	None	12	98.9393539428711	98.9393539428711	98.9393539428711	100.0	85.1010101010101
46	1	test	None	408	None	12	95.83332824707031	95.83332824707031	95.83332824707031	100.0	58.333333333333336
46	1	train	None	408	None	12	98.37413024902344	98.37413024902344	98.37413024902344	100.0	83.33333333333334
46	1	test	None	420	None	12	96.66667175292969	96.66667175292969	96.66667175292969	100.0	75.0
46	1	train	None	420	None	12	98.61634826660156	98.61634826660156	98.61634826660156	100.0	84.76190476190476
46	1	test	None	432	None	12	100.0	100.0	100.0	100.0	100.0
46	1	train	None	432	None	12	99.95113372802734	99.95113372802734	99.95113372802734	100.0	99.30555555555556
46	1	test	None	444	None	12	100.0	100.0	100.0	100.0	100.0
46	1	train	None	444	None	12	99.12909698486328	99.12909698486328	99.12909698486328	100.0	89.1891891891892
46	1	test	None	456	None	12	100.0	100.0	100.0	100.0	100.0
46	1	train	None	456	None	12	99.51751708984375	99.51751708984375	99.51751708984375	100.0	95.17543859649122
46	1	test	None	468	None	12	98.33333587646484	98.33333587646484	98.33333587646484	100.0	83.33333333333334
46	1	train	None	468	None	12	99.0384292602539	99.0384292602539	99.0384292602539	100.0	89.95726495726495
46	1	test	None	48	None	12	80.83332061767578	80.83332061767578	80.83332061767578	100.0	0.0
46	1	train	None	48	None	12	89.79167175292969	89.79167175292969	89.79167175292969	100.0	47.91666666666667
46	1	test	None	480	None	12	98.33333587646484	98.33333587646484	98.33333587646484	100.0	83.33333333333334
46	1	train	None	480	None	12	98.59022521972656	98.59022521972656	98.59022521972656	100.0	86.04166666666667
46	1	test	None	492	None	12	100.0	100.0	100.0	100.0	100.0
46	1	train	None	492	None	12	100.0	100.0	100.0	100.0	100.0
46	1	test	None	504	None	12	99.16666412353516	99.16666412353516	99.16666412353516	100.0	91.66666666666666
46	1	train	None	504	None	12	99.84127044677734	99.84127044677734	99.84127044677734	100.0	97.42063492063492
46	1	test	None	516	None	12	98.33332824707031	98.33332824707031	98.33332824707031	100.0	83.33333333333334
46	1	train	None	516	None	12	98.83500671386719	98.83500671386719	98.83500671386719	100.0	87.40310077519379
46	1	test	None	528	None	12	100.0	100.0	100.0	100.0	100.0
46	1	train	None	528	None	12	99.06983947753906	99.06983947753906	99.06983947753906	100.0	91.85606060606061
46	1	test	None	540	None	12	99.16666412353516	99.16666412353516	99.16666412353516	100.0	91.66666666666666
46	1	train	None	540	None	12	99.57406616210938	99.57406616210938	99.57406616210938	100.0	95.74074074074073
46	1	test	None	552	None	12	99.16666412353516	99.16666412353516	99.16666412353516	100.0	91.66666666666666
46	1	train	None	552	None	12	99.6718978881836	99.6718978881836	99.6718978881836	100.0	96.19565217391305
46	1	test	None	564	None	12	99.16666412353516	99.16666412353516	99.16666412353516	100.0	91.66666666666666
46	1	train	None	564	None	12	99.46807861328125	99.46807861328125	99.46807861328125	100.0	94.68085106382979
46	1	test	None	576	None	12	100.0	100.0	100.0	100.0	100.0
46	1	train	None	576	None	12	99.91319274902344	99.91319274902344	99.91319274902344	100.0	89.23611111111111
46	1	test	None	588	None	12	100.0	100.0	100.0	100.0	91.66666666666666
46	1	train	None	588	None	12	100.0	100.0	100.0	100.0	98.9795918367347
46	1	test	None	60	None	12	75.0	75.0	75.0	100.0	0.0
46	1	train	None	60	None	12	91.16667938232422	91.16667938232422	91.16667938232422	100.0	50.0
46	1	test	None	600	None	12	98.33332824707031	98.33332824707031	98.33332824707031	100.0	83.33333333333334
46	1	train	None	600	None	12	97.74258422851562	97.74258422851562	97.74258422851562	100.0	78.16666666666666
46	1	test	None	72	None	12	80.83333587646484	80.83333587646484	80.83333587646484	100.0	0.0
46	1	train	None	72	None	12	98.47223663330078	98.47223663330078	98.47223663330078	100.0	83.33333333333334
46	1	test	None	84	None	12	84.16667175292969	84.16667175292969	84.16667175292969	100.0	0.0
46	1	train	None	84	None	12	97.14286041259766	97.14286041259766	97.14286041259766	100.0	80.95238095238095
46	1	test	None	96	None	12	90.83332824707031	90.83332824707031	90.83332824707031	100.0	16.666666666666664
46	1	train	None	96	None	12	99.68750762939453	99.68750762939453	99.68750762939453	100.0	96.875
46	1	test	None	108	None	12	82.50000762939453	82.50000762939453	82.50000762939453	100.0	0.0
46	1	train	None	108	None	12	93.96092987060547	93.96092987060547	93.96092987060547	100.0	56.481481481481474
47	1	test	None	12	None	12	79.16665649414062	79.16665649414062	79.16665649414062	100.0	0.0
47	1	train	None	12	None	12	93.33333587646484	93.33333587646484	93.33333587646484	100.0	66.66666666666666
47	1	test	None	120	None	12	93.33332061767578	93.33332061767578	93.33332061767578	100.0	25.0
47	1	train	None	120	None	12	99.91666412353516	99.91666412353516	99.91666412353516	100.0	99.16666666666667
47	1	test	None	132	None	12	94.16665649414062	94.16665649414062	94.16666412353516	100.0	41.66666666666667
47	1	train	None	132	None	12	99.92424011230469	99.92424011230469	99.92424011230469	100.0	99.24242424242425
47	1	test	None	144	None	12	94.16665649414062	94.16665649414062	94.16665649414062	100.0	58.333333333333336
47	1	train	None	144	None	12	99.93054962158203	99.93054962158203	99.93054962158203	100.0	99.30555555555556
47	1	test	None	156	None	12	96.66667175292969	96.66667175292969	96.66667175292969	100.0	58.333333333333336
47	1	train	None	156	None	12	99.10256958007812	99.10256958007812	99.10256958007812	100.0	83.33333333333334
47	1	test	None	168	None	12	96.66666412353516	96.66666412353516	96.66666412353516	100.0	58.333333333333336
47	1	train	None	168	None	12	100.0	100.0	100.0	100.0	100.0
47	1	test	None	180	None	12	94.16665649414062	94.16665649414062	94.16665649414062	100.0	33.33333333333333
47	1	train	None	180	None	12	99.33333587646484	99.33333587646484	99.33333587646484	100.0	93.88888888888889
47	1	test	None	192	None	12	95.0	95.0	95.0	100.0	50.0
47	1	train	None	192	None	12	99.31712341308594	99.31712341308594	99.31712341308594	100.0	92.1875
47	1	test	None	204	None	12	92.49999237060547	92.49999237060547	92.49999237060547	100.0	50.0
47	1	train	None	204	None	12	98.72004699707031	98.72004699707031	98.72004699707031	100.0	88.72549019607843
47	1	test	None	216	None	12	95.0	95.0	95.0	100.0	41.66666666666667
47	1	train	None	216	None	12	96.97013092041016	96.97013092041016	96.97013092041016	100.0	65.74074074074075
47	1	test	None	228	None	12	97.5	97.5	97.5	100.0	58.333333333333336
47	1	train	None	228	None	12	99.5614013671875	99.5614013671875	99.5614013671875	100.0	94.2982456140351
47	1	test	None	24	None	12	80.0	80.0	80.00001525878906	100.0	0.0
47	1	train	None	24	None	12	91.66667175292969	91.66667175292969	91.66667175292969	100.0	54.166666666666664
47	1	test	None	240	None	12	98.33332824707031	98.33332824707031	98.33332824707031	100.0	75.0
47	1	train	None	240	None	12	99.45832824707031	99.45832824707031	99.45832824707031	100.0	93.33333333333333
47	1	test	None	252	None	12	100.0	100.0	100.0	100.0	91.66666666666666
47	1	train	None	252	None	12	100.0	100.0	100.0	100.0	98.4126984126984
47	1	test	None	264	None	12	98.33332824707031	98.33332824707031	98.33332824707031	100.0	83.33333333333334
47	1	train	None	264	None	12	98.97303771972656	98.97303771972656	98.97303771972656	100.0	89.01515151515152
47	1	test	None	276	None	12	98.33333587646484	98.33333587646484	98.33333587646484	100.0	83.33333333333334
47	1	train	None	276	None	12	98.2125015258789	98.2125015258789	98.2125015258789	100.0	82.2463768115942
47	1	test	None	288	None	12	97.5	97.5	97.5	100.0	66.66666666666666
47	1	train	None	288	None	12	99.7569351196289	99.7569351196289	99.7569351196289	100.0	94.09722222222221
47	1	test	None	300	None	12	97.5	97.5	97.5	100.0	66.66666666666666
47	1	train	None	300	None	12	99.12590026855469	99.12590026855469	99.12590026855469	100.0	86.66666666666667
47	1	test	None	312	None	12	99.16666412353516	99.16666412353516	99.16666412353516	100.0	91.66666666666666
47	1	train	None	312	None	12	99.41949462890625	99.41949462890625	99.41949462890625	100.0	93.91025641025641
47	1	test	None	324	None	12	96.66667175292969	96.66667175292969	96.66667175292969	100.0	58.333333333333336
47	1	train	None	324	None	12	98.53905487060547	98.53905487060547	98.53905487060547	100.0	84.87654320987654
47	1	test	None	336	None	12	96.66667175292969	96.66667175292969	96.66667175292969	100.0	66.66666666666666
47	1	train	None	336	None	12	98.81941986083984	98.81941986083984	98.81941986083984	100.0	88.39285714285714
47	1	test	None	348	None	12	96.66666412353516	96.66666412353516	96.66666412353516	100.0	66.66666666666666
47	1	train	None	348	None	12	97.21893310546875	97.21893310546875	97.21893310546875	100.0	70.40229885057471
47	1	test	None	36	None	12	75.83333587646484	75.83333587646484	75.83333587646484	100.0	0.0
47	1	train	None	36	None	12	91.38887786865234	91.38887786865234	91.38887786865234	100.0	55.55555555555556
47	1	test	None	360	None	12	100.0	100.0	100.0	100.0	91.66666666666666
47	1	train	None	360	None	12	99.94444274902344	99.94444274902344	99.94444274902344	100.0	98.61111111111111
47	1	test	None	372	None	12	99.16666412353516	99.16666412353516	99.16666412353516	100.0	91.66666666666666
47	1	train	None	372	None	12	99.81182098388672	99.81182098388672	99.81182098388672	100.0	97.84946236559139
47	1	test	None	384	None	12	96.66667175292969	96.66667175292969	96.66667175292969	100.0	66.66666666666666
47	1	train	None	384	None	12	98.14810180664062	98.14810180664062	98.14810180664062	100.0	81.25
47	1	test	None	396	None	12	100.0	100.0	100.0	100.0	83.33333333333334
47	1	train	None	396	None	12	99.6211929321289	99.6211929321289	99.6211929321289	100.0	95.2020202020202
47	1	test	None	408	None	12	95.83332824707031	95.83332824707031	95.83332824707031	100.0	58.333333333333336
47	1	train	None	408	None	12	98.6137924194336	98.55115509033203	98.58081817626953	99.26470588235294	84.31372549019608
47	1	test	None	420	None	12	100.0	100.0	100.0	100.0	100.0
47	1	train	None	420	None	12	99.708984375	99.708984375	99.708984375	100.0	97.14285714285714
47	1	test	None	432	None	12	98.33332824707031	98.33332824707031	98.33332824707031	100.0	83.33333333333334
47	1	train	None	432	None	12	99.16663360595703	99.16663360595703	99.16663360595703	100.0	90.50925925925925
47	1	test	None	444	None	12	97.5	97.5	97.5	100.0	75.0
47	1	train	None	444	None	12	98.87382507324219	98.87382507324219	98.87382507324219	100.0	88.73873873873875
47	1	test	None	456	None	12	96.66666412353516	96.66666412353516	96.66666412353516	100.0	75.0
47	1	train	None	456	None	12	97.88492584228516	97.88492584228516	97.88492584228516	100.0	76.53508771929825
47	1	test	None	468	None	12	100.0	100.0	100.0	100.0	100.0
47	1	train	None	468	None	12	99.80294036865234	99.80294036865234	99.80294036865234	100.0	95.72649572649573
47	1	test	None	48	None	12	78.33332824707031	78.33332824707031	78.33333587646484	100.0	0.0
47	1	train	None	48	None	12	93.12499237060547	93.12499237060547	93.12499237060547	100.0	56.25
47	1	test	None	480	None	12	97.5	97.5	97.5	100.0	75.0
47	1	train	None	480	None	12	98.12955474853516	98.12955474853516	98.12955474853516	100.0	81.875
47	1	test	None	492	None	12	100.0	100.0	100.0	100.0	91.66666666666666
47	1	train	None	492	None	12	99.83513641357422	99.83513641357422	99.83513641357422	100.0	90.4471544715447
47	1	test	None	504	None	12	100.0	100.0	100.0	100.0	100.0
47	1	train	None	504	None	12	100.0	100.0	100.0	100.0	100.0
47	1	test	None	516	None	12	98.33333587646484	98.33333587646484	98.33333587646484	100.0	75.0
47	1	train	None	516	None	12	97.48481750488281	97.48481750488281	97.48481750488281	100.0	73.44961240310077
47	1	test	None	528	None	12	99.16666412353516	99.16666412353516	99.16666412353516	100.0	91.66666666666666
47	1	train	None	528	None	12	99.1834716796875	99.1834716796875	99.1834716796875	100.0	90.71969696969697
47	1	test	None	540	None	12	100.0	100.0	100.0	100.0	100.0
47	1	train	None	540	None	12	98.44438171386719	98.44438171386719	98.44438171386719	100.0	85.37037037037038
47	1	test	None	552	None	12	99.16666412353516	99.16666412353516	99.16666412353516	100.0	83.33333333333334
47	1	train	None	552	None	12	99.46456146240234	99.46456146240234	99.46456146240234	100.0	89.85507246376811
47	1	test	None	564	None	12	98.33332824707031	98.33332824707031	98.33332824707031	100.0	83.33333333333334
47	1	train	None	564	None	12	99.5212631225586	99.5212631225586	99.5212631225586	100.0	95.2127659574468
47	1	test	None	576	None	12	99.16666412353516	99.16666412353516	99.16666412353516	100.0	91.66666666666666
47	1	train	None	576	None	12	99.6103515625	99.6103515625	99.6103515625	100.0	92.88194444444444
47	1	test	None	588	None	12	93.33332061767578	93.33332061767578	93.33332061767578	100.0	25.0
47	1	train	None	588	None	12	97.17118835449219	97.17118835449219	97.17118835449219	100.0	68.36734693877551
47	1	test	None	60	None	12	75.83333587646484	75.83333587646484	75.83333587646484	100.0	0.0
47	1	train	None	60	None	12	92.66665649414062	92.66665649414062	92.66665649414062	100.0	51.66666666666667
47	1	test	None	600	None	12	97.5	97.5	97.5	100.0	75.0
47	1	train	None	600	None	12	98.54442596435547	98.54442596435547	98.54442596435547	100.0	84.5
47	1	test	None	72	None	12	85.0	85.0	85.0	100.0	0.0
47	1	train	None	72	None	12	95.97222900390625	95.97222900390625	95.97222900390625	100.0	65.27777777777779
47	1	test	None	84	None	12	88.33333587646484	88.33333587646484	88.33333587646484	100.0	16.666666666666664
47	1	train	None	84	None	12	98.21428680419922	98.21428680419922	98.21428680419922	100.0	86.90476190476191
47	1	test	None	96	None	12	96.66667175292969	96.66667175292969	96.66667175292969	100.0	58.333333333333336
47	1	train	None	96	None	12	99.89583587646484	99.89583587646484	99.89583587646484	100.0	97.91666666666666
47	1	test	None	108	None	12	89.99999237060547	89.99999237060547	89.99999237060547	100.0	8.333333333333332
47	1	train	None	108	None	12	99.8148193359375	99.8148193359375	99.8148193359375	100.0	98.14814814814815
48	1	test	None	12	None	12	82.5	82.5	82.5	100.0	0.0
48	1	train	None	12	None	12	100.0	100.0	100.0	100.0	100.0
48	1	test	None	120	None	12	93.33332061767578	93.33332061767578	93.33332061767578	100.0	16.666666666666664
48	1	train	None	120	None	12	99.0740737915039	99.0740737915039	99.0740737915039	100.0	89.16666666666667
48	1	test	None	132	None	12	89.16666412353516	89.16666412353516	89.16666412353516	100.0	16.666666666666664
48	1	train	None	132	None	12	98.55220031738281	98.55220031738281	98.55220031738281	100.0	84.84848484848484
48	1	test	None	144	None	12	94.16665649414062	94.16665649414062	94.16665649414062	100.0	25.0
48	1	train	None	144	None	12	100.0	100.0	100.0	100.0	100.0
48	1	test	None	156	None	12	96.66666412353516	96.66666412353516	96.66666412353516	100.0	58.333333333333336
48	1	train	None	156	None	12	98.14103698730469	98.14103698730469	98.14103698730469	100.0	82.05128205128204
48	1	test	None	168	None	12	96.66667175292969	96.66667175292969	96.66667175292969	100.0	75.0
48	1	train	None	168	None	12	99.57009887695312	99.57009887695312	99.57009887695312	100.0	95.83333333333334
48	1	test	None	180	None	12	94.16665649414062	94.16665649414062	94.16666412353516	100.0	58.333333333333336
48	1	train	None	180	None	12	99.77777862548828	99.77777862548828	99.77777862548828	100.0	96.66666666666667
48	1	test	None	192	None	12	100.0	100.0	100.0	100.0	83.33333333333334
48	1	train	None	192	None	12	100.0	100.0	100.0	100.0	100.0
48	1	test	None	204	None	12	91.66667175292969	91.66667175292969	91.66667175292969	100.0	33.33333333333333
48	1	train	None	204	None	12	97.77776336669922	97.77776336669922	97.77776336669922	100.0	79.90196078431373
48	1	test	None	216	None	12	97.50000762939453	97.50000762939453	97.50000762939453	100.0	75.0
48	1	train	None	216	None	12	99.06377410888672	99.06377410888672	99.06377410888672	100.0	90.74074074074075
48	1	test	None	228	None	12	100.0	100.0	100.0	100.0	91.66666666666666
48	1	train	None	228	None	12	99.69297790527344	99.69297790527344	99.69297790527344	100.0	96.05263157894737
48	1	test	None	24	None	12	81.66667938232422	81.66667938232422	81.66667938232422	100.0	0.0
48	1	train	None	24	None	12	98.33332824707031	98.33332824707031	98.33332824707031	100.0	87.5
48	1	test	None	240	None	12	98.33333587646484	98.33333587646484	98.33333587646484	100.0	75.0
48	1	train	None	240	None	12	99.58332061767578	99.58332061767578	99.58332061767578	100.0	94.16666666666667
48	1	test	None	252	None	12	95.83332824707031	95.83332824707031	95.83332824707031	100.0	58.333333333333336
48	1	train	None	252	None	12	95.97874450683594	95.97874450683594	95.97874450683594	100.0	59.92063492063492
48	1	test	None	264	None	12	98.33333587646484	98.33333587646484	98.33333587646484	100.0	41.66666666666667
48	1	train	None	264	None	12	99.46968841552734	99.46968841552734	99.46968841552734	100.0	89.77272727272727
48	1	test	None	276	None	12	97.50000762939453	97.50000762939453	97.50000762939453	100.0	66.66666666666666
48	1	train	None	276	None	12	99.70208740234375	99.70208740234375	99.70208740234375	100.0	94.56521739130434
48	1	test	None	288	None	12	97.5	97.5	97.5	100.0	75.0
48	1	train	None	288	None	12	99.2669677734375	99.2669677734375	99.2669677734375	100.0	92.01388888888889
48	1	test	None	300	None	12	99.16666412353516	99.16666412353516	99.16666412353516	100.0	83.33333333333334
48	1	train	None	300	None	12	99.76295471191406	99.76295471191406	99.76295471191406	100.0	96.0
48	1	test	None	312	None	12	99.16666412353516	99.16666412353516	99.16666412353516	100.0	83.33333333333334
48	1	train	None	312	None	12	99.89315795898438	99.89315795898438	99.89315795898438	100.0	99.03846153846155
48	1	test	None	324	None	12	98.33332824707031	98.33332824707031	98.33332824707031	100.0	83.33333333333334
48	1	train	None	324	None	12	97.91490173339844	97.91490173339844	97.91490173339844	100.0	79.32098765432099
48	1	test	None	336	None	12	96.66667175292969	96.66667175292969	96.66667175292969	100.0	66.66666666666666
48	1	train	None	336	None	12	96.57068634033203	96.57068634033203	96.57068634033203	100.0	69.34523809523809
48	1	test	None	348	None	12	100.0	100.0	100.0	100.0	91.66666666666666
48	1	train	None	348	None	12	99.59768676757812	99.59768676757812	99.59768676757812	100.0	95.40229885057471
48	1	test	None	36	None	12	80.83333587646484	80.83333587646484	80.83334350585938	100.0	0.0
48	1	train	None	36	None	12	96.94444274902344	96.94444274902344	96.94444274902344	100.0	77.77777777777779
48	1	test	None	360	None	12	99.16666412353516	99.16666412353516	99.16666412353516	100.0	91.66666666666666
48	1	train	None	360	None	12	99.49380493164062	99.49380493164062	99.49380493164062	100.0	91.66666666666666
48	1	test	None	372	None	12	94.16666412353516	94.16666412353516	94.16666412353516	100.0	58.333333333333336
48	1	train	None	372	None	12	96.67550659179688	96.67550659179688	96.67550659179688	100.0	69.08602150537635
48	1	test	None	384	None	12	100.0	100.0	100.0	100.0	100.0
48	1	train	None	384	None	12	99.36341857910156	99.36341857910156	99.36341857910156	100.0	92.96875
48	1	test	None	396	None	12	93.33332061767578	93.33332061767578	93.33332061767578	100.0	25.0
48	1	train	None	396	None	12	95.01387786865234	95.01387786865234	95.01387786865234	100.0	55.55555555555556
48	1	test	None	408	None	12	98.33333587646484	98.33333587646484	98.33333587646484	100.0	83.33333333333334
48	1	train	None	408	None	12	99.7793960571289	99.7793960571289	99.7793960571289	100.0	95.34313725490196
48	1	test	None	420	None	12	96.66667175292969	96.66667175292969	96.66667175292969	100.0	58.333333333333336
48	1	train	None	420	None	12	97.49195861816406	97.49195861816406	97.49195861816406	100.0	75.0
48	1	test	None	432	None	12	98.33333587646484	98.33333587646484	98.33333587646484	100.0	83.33333333333334
48	1	train	None	432	None	12	98.37185668945312	98.37185668945312	98.37185668945312	100.0	83.79629629629629
48	1	test	None	444	None	12	92.5	92.5	92.5	100.0	33.33333333333333
48	1	train	None	444	None	12	95.20755767822266	95.20755767822266	95.20755767822266	100.0	59.45945945945946
48	1	test	None	456	None	12	100.0	100.0	100.0	100.0	100.0
48	1	train	None	456	None	12	100.0	100.0	100.0	100.0	99.78070175438597
48	1	test	None	468	None	12	96.66667175292969	96.66667175292969	96.66667175292969	100.0	66.66666666666666
48	1	train	None	468	None	12	97.7824478149414	97.7824478149414	97.7824478149414	100.0	77.13675213675214
48	1	test	None	48	None	12	85.0	85.0	85.00000762939453	100.0	0.0
48	1	train	None	48	None	12	96.22684478759766	96.22684478759766	96.22684478759766	100.0	68.75
48	1	test	None	480	None	12	99.16666412353516	99.16666412353516	99.16666412353516	100.0	91.66666666666666
48	1	train	None	480	None	12	99.02543640136719	99.02543640136719	99.02543640136719	100.0	88.95833333333333
48	1	test	None	492	None	12	100.0	100.0	100.0	100.0	100.0
48	1	train	None	492	None	12	99.9774169921875	99.9774169921875	99.9774169921875	100.0	99.59349593495935
48	1	test	None	504	None	12	97.5	97.5	97.5	100.0	66.66666666666666
48	1	train	None	504	None	12	99.38489532470703	99.38489532470703	99.38489532470703	100.0	91.86507936507937
48	1	test	None	516	None	12	94.99998474121094	94.99998474121094	94.99998474121094	100.0	50.0
48	1	train	None	516	None	12	96.52010345458984	96.52010345458984	96.52010345458984	100.0	62.4031007751938
48	1	test	None	528	None	12	100.0	100.0	100.0	100.0	100.0
48	1	train	None	528	None	12	99.77061462402344	99.77061462402344	99.77061462402344	100.0	97.72727272727273
48	1	test	None	540	None	12	99.16666412353516	99.16666412353516	99.16666412353516	100.0	83.33333333333334
48	1	train	None	540	None	12	98.18101501464844	98.18101501464844	98.18101501464844	100.0	81.2962962962963
48	1	test	None	552	None	12	96.66666412353516	96.66666412353516	96.66666412353516	100.0	66.66666666666666
48	1	train	None	552	None	12	97.04297637939453	97.04297637939453	97.04297637939453	100.0	72.10144927536231
48	1	test	None	564	None	12	100.0	100.0	100.0	100.0	100.0
48	1	train	None	564	None	12	99.73404693603516	99.73404693603516	99.73404693603516	100.0	96.27659574468085
48	1	test	None	576	None	12	100.0	100.0	100.0	100.0	100.0
48	1	train	None	576	None	12	98.58988189697266	98.58988189697266	98.58988189697266	100.0	86.97916666666666
48	1	test	None	588	None	12	100.0	100.0	100.0	100.0	100.0
48	1	train	None	588	None	12	99.75623321533203	99.75623321533203	99.75623321533203	100.0	93.5374149659864
48	1	test	None	60	None	12	92.49999237060547	92.49999237060547	92.49999237060547	100.0	8.333333333333332
48	1	train	None	60	None	12	98.81481170654297	98.81481170654297	98.81481170654297	100.0	86.66666666666667
48	1	test	None	600	None	12	99.16666412353516	99.16666412353516	99.16666412353516	100.0	83.33333333333334
48	1	train	None	600	None	12	99.98148345947266	99.98148345947266	99.98148345947266	100.0	96.5
48	1	test	None	72	None	12	87.49999237060547	87.49999237060547	87.5	100.0	0.0
48	1	train	None	72	None	12	93.14816284179688	93.14816284179688	93.14816284179688	100.0	58.333333333333336
48	1	test	None	84	None	12	87.49999237060547	87.49999237060547	87.49999237060547	100.0	8.333333333333332
48	1	train	None	84	None	12	99.14021301269531	99.14021301269531	99.14021301269531	100.0	92.85714285714286
48	1	test	None	96	None	12	90.83332824707031	90.83332824707031	90.83332824707031	100.0	8.333333333333332
48	1	train	None	96	None	12	99.58333587646484	99.58333587646484	99.58333587646484	100.0	95.83333333333334
48	1	test	None	108	None	12	92.49999237060547	92.49999237060547	92.49999237060547	100.0	8.333333333333332
48	1	train	None	108	None	12	99.07408142089844	99.07408142089844	99.07408142089844	100.0	87.03703703703704
49	1	test	None	12	None	12	82.12963104248047	82.12963104248047	82.12963104248047	100.0	0.0
49	1	train	None	12	None	12	100.0	100.0	100.0	100.0	100.0
49	1	test	None	120	None	12	93.05555725097656	93.05555725097656	93.05555725097656	100.0	50.0
49	1	train	None	120	None	12	99.5648193359375	99.5648193359375	99.5648193359375	100.0	96.66666666666667
49	1	test	None	132	None	12	92.3148193359375	92.3148193359375	92.3148193359375	100.0	25.0
49	1	train	None	132	None	12	99.30976867675781	99.30976867675781	99.30976867675781	100.0	93.93939393939394
49	1	test	None	144	None	12	96.48148345947266	96.48148345947266	96.48148345947266	100.0	66.66666666666666
49	1	train	None	144	None	12	100.0	100.0	100.0	100.0	100.0
49	1	test	None	156	None	12	94.0740737915039	94.0740737915039	94.0740737915039	100.0	50.0
49	1	train	None	156	None	12	99.67948913574219	99.67948913574219	99.67948913574219	100.0	96.7948717948718
49	1	test	None	168	None	12	97.5	97.5	97.5	100.0	83.33333333333334
49	1	train	None	168	None	12	99.88095092773438	99.88095092773438	99.88095092773438	100.0	98.80952380952381
49	1	test	None	180	None	12	95.83332824707031	95.83332824707031	95.83332824707031	100.0	66.66666666666666
49	1	train	None	180	None	12	98.27778625488281	98.27778625488281	98.27778625488281	100.0	81.11111111111111
49	1	test	None	192	None	12	96.5740737915039	96.5740737915039	96.5740737915039	100.0	66.66666666666666
49	1	train	None	192	None	12	99.47338104248047	99.47338104248047	99.47338104248047	100.0	92.70833333333334
49	1	test	None	204	None	12	95.64814758300781	95.64814758300781	95.64814758300781	100.0	50.0
49	1	train	None	204	None	12	99.60784149169922	99.60784149169922	99.60784149169922	100.0	97.05882352941177
49	1	test	None	216	None	12	93.24073791503906	93.24073791503906	93.24073791503906	100.0	50.0
49	1	train	None	216	None	12	99.16666412353516	99.16666412353516	99.16666412353516	100.0	91.66666666666666
49	1	test	None	228	None	12	98.24073791503906	98.24073791503906	98.24073791503906	100.0	75.0
49	1	train	None	228	None	12	99.77581787109375	99.77581787109375	99.77581787109375	100.0	96.9298245614035
49	1	test	None	24	None	12	80.37037658691406	80.37037658691406	80.37037658691406	100.0	0.0
49	1	train	None	24	None	12	97.91667175292969	97.91667175292969	97.91667175292969	100.0	91.66666666666666
49	1	test	None	240	None	12	97.40740966796875	97.40740966796875	97.40740966796875	100.0	66.66666666666666
49	1	train	None	240	None	12	99.4861068725586	99.4861068725586	99.4861068725586	100.0	91.66666666666666
49	1	test	None	252	None	12	99.16666412353516	99.16666412353516	99.16666412353516	100.0	91.66666666666666
49	1	train	None	252	None	12	99.52381134033203	99.52381134033203	99.52381134033203	100.0	97.61904761904762
49	1	test	None	264	None	12	97.40740966796875	97.40740966796875	97.40740966796875	100.0	75.0
49	1	train	None	264	None	12	98.4427261352539	98.4427261352539	98.4427261352539	100.0	84.46969696969697
49	1	test	None	276	None	12	98.33332824707031	98.33332824707031	98.33332824707031	100.0	83.33333333333334
49	1	train	None	276	None	12	98.86067199707031	98.86067199707031	98.86067199707031	100.0	87.68115942028986
49	1	test	None	288	None	12	93.98148345947266	93.98148345947266	93.98148345947266	100.0	50.0
49	1	train	None	288	None	12	99.23222351074219	99.23222351074219	99.23222351074219	100.0	92.36111111111111
49	1	test	None	300	None	12	96.48148345947266	96.48148345947266	96.48148345947266	100.0	75.0
49	1	train	None	300	None	12	98.7518310546875	98.7518310546875	98.7518310546875	100.0	88.0
49	1	test	None	312	None	12	96.66666412353516	96.66666412353516	96.66666412353516	100.0	58.333333333333336
49	1	train	None	312	None	12	98.02700805664062	98.02700805664062	98.02700805664062	100.0	77.56410256410257
49	1	test	None	324	None	12	98.33333587646484	98.33333587646484	98.33333587646484	100.0	83.33333333333334
49	1	train	None	324	None	12	99.72221374511719	99.72221374511719	99.72221374511719	100.0	93.20987654320987
49	1	test	None	336	None	12	100.0	100.0	100.0	100.0	100.0
49	1	train	None	336	None	12	99.88094329833984	99.88094329833984	99.88094329833984	100.0	98.80952380952381
49	1	test	None	348	None	12	99.16666412353516	99.16666412353516	99.16666412353516	100.0	91.66666666666666
49	1	train	None	348	None	12	98.46419525146484	98.46419525146484	98.46419525146484	100.0	85.0574712643678
49	1	test	None	36	None	12	81.94444274902344	81.94444274902344	81.94444274902344	100.0	0.0
49	1	train	None	36	None	12	97.5	97.5	97.5	100.0	80.55555555555556
49	1	test	None	360	None	12	95.74073791503906	95.74073791503906	95.74073791503906	100.0	58.333333333333336
49	1	train	None	360	None	12	99.18207550048828	99.18207550048828	99.18207550048828	100.0	92.22222222222223
49	1	test	None	372	None	12	96.48148345947266	96.48148345947266	96.48148345947266	100.0	66.66666666666666
49	1	train	None	372	None	12	98.34822082519531	98.34822082519531	98.34822082519531	100.0	73.38709677419355
49	1	test	None	384	None	12	91.66667175292969	91.66667175292969	91.66667175292969	100.0	41.66666666666667
49	1	train	None	384	None	12	94.90728759765625	94.90728759765625	94.90728759765625	100.0	58.59375
49	1	test	None	396	None	12	100.0	100.0	100.0	100.0	100.0
49	1	train	None	396	None	12	99.74746704101562	99.74746704101562	99.74746704101562	100.0	97.22222222222221
49	1	test	None	408	None	12	99.16666412353516	99.16666412353516	99.16666412353516	100.0	91.66666666666666
49	1	train	None	408	None	12	99.87745666503906	99.87745666503906	99.87745666503906	100.0	97.79411764705883
49	1	test	None	420	None	12	99.16666412353516	99.16666412353516	99.16666412353516	100.0	91.66666666666666
49	1	train	None	420	None	12	99.16664123535156	99.16664123535156	99.16664123535156	100.0	90.47619047619048
49	1	test	None	432	None	12	100.0	100.0	100.0	100.0	83.33333333333334
49	1	train	None	432	None	12	99.60388946533203	99.60388946533203	99.60388946533203	100.0	95.60185185185185
49	1	test	None	444	None	12	97.40740966796875	97.40740966796875	97.40740966796875	100.0	83.33333333333334
49	1	train	None	444	None	12	98.20062255859375	98.20062255859375	98.20062255859375	100.0	81.98198198198197
49	1	test	None	456	None	12	95.83332824707031	95.83332824707031	95.83332824707031	100.0	58.333333333333336
49	1	train	None	456	None	12	97.51209259033203	97.51209259033203	97.51209259033203	100.0	75.21929824561403
49	1	test	None	468	None	12	100.0	100.0	100.0	100.0	100.0
49	1	train	None	468	None	12	99.93589782714844	99.93589782714844	99.93589782714844	100.0	99.35897435897436
49	1	test	None	48	None	12	88.0555419921875	88.0555419921875	88.0555419921875	100.0	0.0
49	1	train	None	48	None	12	99.35185241699219	99.35185241699219	99.35185241699219	100.0	91.66666666666666
49	1	test	None	480	None	12	96.48148345947266	96.48148345947266	96.48148345947266	100.0	75.0
49	1	train	None	480	None	12	98.52078247070312	98.52078247070312	98.52078247070312	100.0	87.91666666666667
49	1	test	None	492	None	12	97.40740966796875	97.40740966796875	97.40740966796875	100.0	75.0
49	1	train	None	492	None	12	99.37213897705078	99.37213897705078	99.37213897705078	100.0	91.46341463414635
49	1	test	None	504	None	12	100.0	100.0	100.0	100.0	100.0
49	1	train	None	504	None	12	98.52507019042969	98.52507019042969	98.52507019042969	100.0	83.33333333333334
49	1	test	None	516	None	12	100.0	100.0	100.0	100.0	100.0
49	1	train	None	516	None	12	99.78679656982422	99.78679656982422	99.78679656982422	100.0	97.86821705426357
49	1	test	None	528	None	12	95.55554962158203	95.55554962158203	95.55554962158203	100.0	66.66666666666666
49	1	train	None	528	None	12	96.64551544189453	96.64551544189453	96.64551544189453	100.0	70.64393939393939
49	1	test	None	540	None	12	100.0	100.0	100.0	100.0	100.0
49	1	train	None	540	None	12	99.74073791503906	99.74073791503906	99.74073791503906	100.0	97.4074074074074
49	1	test	None	552	None	12	100.0	100.0	100.0	100.0	100.0
49	1	train	None	552	None	12	99.47462463378906	99.47462463378906	99.47462463378906	100.0	94.7463768115942
49	1	test	None	564	None	12	100.0	100.0	100.0	100.0	100.0
49	1	train	None	564	None	12	98.72732543945312	98.72732543945312	98.72732543945312	100.0	86.70212765957447
49	1	test	None	576	None	12	97.5	97.5	97.5	100.0	66.66666666666666
49	1	train	None	576	None	12	97.94557189941406	97.94557189941406	97.94557189941406	100.0	77.43055555555556
49	1	test	None	588	None	12	97.5	97.5	97.5	100.0	83.33333333333334
49	1	train	None	588	None	12	99.43876647949219	99.43876647949219	99.43876647949219	100.0	92.85714285714286
49	1	test	None	60	None	12	84.62962341308594	84.62962341308594	84.62962341308594	100.0	0.0
49	1	train	None	60	None	12	92.96296691894531	92.96296691894531	92.96296691894531	100.0	60.0
49	1	test	None	600	None	12	99.07408142089844	99.07408142089844	99.07408142089844	100.0	91.66666666666666
49	1	train	None	600	None	12	99.0685043334961	99.0685043334961	99.0685043334961	100.0	90.83333333333333
49	1	test	None	72	None	12	86.3888931274414	86.3888931274414	86.3888931274414	100.0	8.333333333333332
49	1	train	None	72	None	12	97.50000762939453	97.50000762939453	97.50000762939453	100.0	75.0
49	1	test	None	84	None	12	91.38887786865234	91.38887786865234	91.38887786865234	100.0	25.0
49	1	train	None	84	None	12	99.64285278320312	99.64285278320312	99.64285278320312	100.0	96.42857142857143
49	1	test	None	96	None	12	79.629638671875	79.629638671875	79.629638671875	100.0	0.0
49	1	train	None	96	None	12	95.59028625488281	95.59028625488281	95.59028625488281	100.0	70.83333333333334
49	1	test	None	108	None	12	92.22222137451172	92.22222137451172	92.22222137451172	100.0	25.0
49	1	train	None	108	None	12	99.4444580078125	99.4444580078125	99.4444580078125	100.0	94.44444444444444
50	1	test	None	12	None	12	83.14814758300781	83.14814758300781	83.14814758300781	100.0	0.0
50	1	train	None	12	None	12	100.0	100.0	100.0	100.0	100.0
50	1	test	None	120	None	12	94.90740966796875	94.90740966796875	94.90740966796875	100.0	50.0
50	1	train	None	120	None	12	99.48149108886719	99.48149108886719	99.48149108886719	100.0	93.33333333333333
50	1	test	None	132	None	12	95.83332824707031	95.83332824707031	95.83332824707031	100.0	58.333333333333336
50	1	train	None	132	None	12	99.7727279663086	99.7727279663086	99.7727279663086	100.0	98.48484848484848
50	1	test	None	144	None	12	91.66667175292969	91.66667175292969	91.66667175292969	100.0	41.66666666666667
50	1	train	None	144	None	12	99.36729431152344	99.36729431152344	99.36729431152344	100.0	94.44444444444444
50	1	test	None	156	None	12	94.16665649414062	94.16665649414062	94.16665649414062	100.0	33.33333333333333
50	1	train	None	156	None	12	99.16667175292969	99.16667175292969	99.16667175292969	100.0	91.66666666666666
50	1	test	None	168	None	12	98.33333587646484	98.33333587646484	98.33333587646484	100.0	83.33333333333334
50	1	train	None	168	None	12	99.94047546386719	99.94047546386719	99.94047546386719	100.0	99.40476190476191
50	1	test	None	180	None	12	99.16666412353516	99.16666412353516	99.16666412353516	100.0	91.66666666666666
50	1	train	None	180	None	12	100.0	100.0	100.0	100.0	100.0
50	1	test	None	192	None	12	94.8148193359375	94.8148193359375	94.8148193359375	100.0	41.66666666666667
50	1	train	None	192	None	12	99.42707061767578	99.42707061767578	99.42707061767578	100.0	92.70833333333334
50	1	test	None	204	None	12	100.0	100.0	100.0	100.0	100.0
50	1	train	None	204	None	12	99.95097351074219	99.95097351074219	99.95097351074219	100.0	99.01960784313727
50	1	test	None	216	None	12	99.07408142089844	99.07408142089844	99.07408142089844	100.0	91.66666666666666
50	1	train	None	216	None	12	99.95369720458984	99.95369720458984	99.95369720458984	100.0	99.53703703703704
50	1	test	None	228	None	12	96.48148345947266	96.48148345947266	96.48148345947266	100.0	66.66666666666666
50	1	train	None	228	None	12	99.81481170654297	99.81481170654297	99.81481170654297	100.0	97.80701754385966
50	1	test	None	24	None	12	78.79629516601562	78.79629516601562	78.79629516601562	100.0	0.0
50	1	train	None	24	None	12	97.08332824707031	97.08332824707031	97.08332824707031	100.0	83.33333333333334
50	1	test	None	240	None	12	100.0	100.0	100.0	100.0	100.0
50	1	train	None	240	None	12	99.95832824707031	99.95832824707031	99.95832824707031	100.0	99.58333333333333
50	1	test	None	252	None	12	100.0	100.0	100.0	100.0	100.0
50	1	train	None	252	None	12	100.0	100.0	100.0	100.0	100.0
50	1	test	None	264	None	12	99.16666412353516	99.16666412353516	99.16666412353516	100.0	91.66666666666666
50	1	train	None	264	None	12	99.65486907958984	99.65486907958984	99.65486907958984	100.0	96.5909090909091
50	1	test	None	276	None	12	98.33333587646484	98.33333587646484	98.33333587646484	100.0	83.33333333333334
50	1	train	None	276	None	12	98.29704284667969	98.29704284667969	98.29704284667969	100.0	81.52173913043478
50	1	test	None	288	None	12	100.0	100.0	100.0	100.0	100.0
50	1	train	None	288	None	12	100.0	100.0	100.0	100.0	100.0
50	1	test	None	300	None	12	97.5	97.5	97.5	100.0	83.33333333333334
50	1	train	None	300	None	12	99.49998474121094	99.49998474121094	99.49998474121094	100.0	94.33333333333334
50	1	test	None	312	None	12	98.33332824707031	98.33332824707031	98.33332824707031	100.0	83.33333333333334
50	1	train	None	312	None	12	99.67947387695312	99.67947387695312	99.67947387695312	100.0	96.7948717948718
50	1	test	None	324	None	12	96.5740737915039	96.5740737915039	96.5740737915039	100.0	66.66666666666666
50	1	train	None	324	None	12	97.02581787109375	96.99580383300781	97.00992584228516	99.69135802469135	73.4567901234568
50	1	test	None	336	None	12	98.24073791503906	98.24073791503906	98.24073791503906	100.0	83.33333333333334
50	1	train	None	336	None	12	99.7916488647461	99.7916488647461	99.7916488647461	100.0	97.91666666666666
50	1	test	None	348	None	12	99.16666412353516	99.16666412353516	99.16666412353516	100.0	83.33333333333334
50	1	train	None	348	None	12	98.90799713134766	98.90799713134766	98.90799713134766	100.0	89.08045977011494
50	1	test	None	36	None	12	80.7407455444336	80.7407455444336	80.7407455444336	100.0	0.0
50	1	train	None	36	None	12	96.85185241699219	96.85185241699219	96.85185241699219	100.0	77.77777777777779
50	1	test	None	360	None	12	98.33333587646484	98.33333587646484	98.33333587646484	100.0	83.33333333333334
50	1	train	None	360	None	12	99.09873962402344	99.09873962402344	99.09873962402344	100.0	86.94444444444444
50	1	test	None	372	None	12	96.5740737915039	96.5740737915039	96.5740737915039	100.0	66.66666666666666
50	1	train	None	372	None	12	99.0531234741211	99.0531234741211	99.0531234741211	100.0	90.32258064516128
50	1	test	None	384	None	12	99.07408142089844	99.07408142089844	99.07408142089844	100.0	91.66666666666666
50	1	train	None	384	None	12	99.81770324707031	99.81770324707031	99.81770324707031	100.0	98.17708333333334
50	1	test	None	396	None	12	98.33332824707031	98.33332824707031	98.33332824707031	100.0	83.33333333333334
50	1	train	None	396	None	12	98.9393539428711	98.9393539428711	98.9393539428711	100.0	89.39393939393939
50	1	test	None	408	None	12	97.40740966796875	97.40740966796875	97.40740966796875	100.0	75.0
50	1	train	None	408	None	12	99.33003234863281	99.33003234863281	99.33003234863281	100.0	93.38235294117648
50	1	test	None	420	None	12	95.74073791503906	95.74073791503906	95.74073791503906	100.0	58.333333333333336
50	1	train	None	420	None	12	96.96022033691406	96.96022033691406	96.96022033691406	100.0	71.42857142857143
50	1	test	None	432	None	12	99.16666412353516	99.16666412353516	99.16666412353516	100.0	83.33333333333334
50	1	train	None	432	None	12	98.5879135131836	98.5879135131836	98.5879135131836	100.0	84.72222222222221
50	1	test	None	444	None	12	99.07408142089844	99.07408142089844	99.07408142089844	100.0	83.33333333333334
50	1	train	None	444	None	12	98.65860748291016	98.65860748291016	98.65860748291016	100.0	86.93693693693693
50	1	test	None	456	None	12	99.07408142089844	99.07408142089844	99.07408142089844	100.0	91.66666666666666
50	1	train	None	456	None	12	99.1885757446289	99.1885757446289	99.1885757446289	100.0	95.39473684210526
50	1	test	None	468	None	12	98.33332824707031	98.33332824707031	98.33332824707031	100.0	75.0
50	1	train	None	468	None	12	99.266357421875	99.266357421875	99.266357421875	100.0	92.73504273504274
50	1	test	None	48	None	12	83.24073791503906	83.24073791503906	83.24073791503906	100.0	0.0
50	1	train	None	48	None	12	96.45834350585938	96.45834350585938	96.45834350585938	100.0	77.08333333333334
50	1	test	None	480	None	12	97.5	97.5	97.5	100.0	75.0
50	1	train	None	480	None	12	97.81704711914062	97.81704711914062	97.81704711914062	100.0	78.33333333333333
50	1	test	None	492	None	12	96.6666488647461	96.6666488647461	96.6666488647461	100.0	66.66666666666666
50	1	train	None	492	None	12	98.14129638671875	98.14129638671875	98.14129638671875	100.0	80.28455284552845
50	1	test	None	504	None	12	100.0	100.0	100.0	100.0	100.0
50	1	train	None	504	None	12	99.88094329833984	99.88094329833984	99.88094329833984	100.0	98.80952380952381
50	1	test	None	516	None	12	100.0	100.0	100.0	100.0	83.33333333333334
50	1	train	None	516	None	12	99.21614837646484	99.21614837646484	99.21614837646484	100.0	87.59689922480621
50	1	test	None	528	None	12	100.0	100.0	100.0	100.0	91.66666666666666
50	1	train	None	528	None	12	99.55596923828125	99.55596923828125	99.55596923828125	100.0	91.47727272727273
50	1	test	None	540	None	12	98.33333587646484	98.33333587646484	98.33333587646484	100.0	83.33333333333334
50	1	train	None	540	None	12	99.39298248291016	99.39298248291016	99.39298248291016	100.0	94.62962962962963
50	1	test	None	552	None	12	99.16666412353516	99.16666412353516	99.16666412353516	100.0	91.66666666666666
50	1	train	None	552	None	12	98.87676239013672	98.87676239013672	98.87676239013672	100.0	88.76811594202898
50	1	test	None	564	None	12	95.0	95.0	95.0	100.0	50.0
50	1	train	None	564	None	12	95.9218978881836	95.9218978881836	95.9218978881836	100.0	60.99290780141844
50	1	test	None	576	None	12	95.0	95.0	95.0	100.0	41.66666666666667
50	1	train	None	576	None	12	95.87372589111328	95.87372589111328	95.87372589111328	100.0	64.0625
50	1	test	None	588	None	12	97.5	97.5	97.5	100.0	75.0
50	1	train	None	588	None	12	98.86053466796875	98.86053466796875	98.86053466796875	100.0	87.92517006802721
50	1	test	None	60	None	12	85.74073791503906	85.74073791503906	85.74073791503906	100.0	8.333333333333332
50	1	train	None	60	None	12	98.00000762939453	98.00000762939453	98.00000762939453	100.0	85.0
50	1	test	None	600	None	12	100.0	100.0	100.0	100.0	100.0
50	1	train	None	600	None	12	99.2166519165039	99.2166519165039	99.2166519165039	100.0	92.16666666666666
50	1	test	None	72	None	12	82.40740966796875	82.40740966796875	82.40740966796875	100.0	0.0
50	1	train	None	72	None	12	98.73458099365234	98.73458099365234	98.73458099365234	100.0	88.88888888888889
50	1	test	None	84	None	12	84.0740737915039	84.0740737915039	84.0740737915039	100.0	0.0
50	1	train	None	84	None	12	95.09259796142578	95.09259796142578	95.09259796142578	100.0	63.095238095238095
50	1	test	None	96	None	12	93.24073791503906	93.24073791503906	93.24073791503906	100.0	33.33333333333333
50	1	train	None	96	None	12	99.6875	99.6875	99.6875	100.0	97.91666666666666
50	1	test	None	108	None	12	96.66667175292969	96.66667175292969	96.66667175292969	100.0	58.333333333333336
50	1	train	None	108	None	12	100.0	100.0	100.0	100.0	100.0
51	1	test	None	12	None	12	82.6851806640625	82.6851806640625	82.6851806640625	100.0	0.0
51	1	train	None	12	None	12	99.16666412353516	99.16666412353516	99.16666412353516	100.0	91.66666666666666
51	1	test	None	120	None	12	97.40740966796875	97.40740966796875	97.40740966796875	100.0	66.66666666666666
51	1	train	None	120	None	12	99.91666412353516	99.91666412353516	99.91666412353516	100.0	99.16666666666667
51	1	test	None	132	None	12	86.29629516601562	86.29629516601562	86.29629516601562	100.0	8.333333333333332
51	1	train	None	132	None	12	98.2407455444336	98.2407455444336	98.2407455444336	100.0	86.36363636363636
51	1	test	None	144	None	12	92.87036895751953	92.87036895751953	92.87036895751953	100.0	50.0
51	1	train	None	144	None	12	99.79167938232422	99.79167938232422	99.79167938232422	100.0	97.91666666666666
51	1	test	None	156	None	12	94.90740203857422	94.90740203857422	94.90740203857422	100.0	50.0
51	1	train	None	156	None	12	99.35185241699219	99.35185241699219	99.35185241699219	100.0	91.66666666666666
51	1	test	None	168	None	12	91.38888549804688	91.38888549804688	91.38888549804688	100.0	33.33333333333333
51	1	train	None	168	None	12	99.58333587646484	99.58333587646484	99.58333587646484	100.0	96.42857142857143
51	1	test	None	180	None	12	96.5740737915039	96.5740737915039	96.5740737915039	100.0	75.0
51	1	train	None	180	None	12	99.94444274902344	99.94444274902344	99.94444274902344	100.0	99.44444444444444
51	1	test	None	192	None	12	94.72222137451172	94.72222137451172	94.72222900390625	100.0	50.0
51	1	train	None	192	None	12	99.53124237060547	99.53124237060547	99.53124237060547	100.0	95.3125
51	1	test	None	204	None	12	96.5740737915039	96.5740737915039	96.5740737915039	100.0	75.0
51	1	train	None	204	None	12	98.67646789550781	98.67646789550781	98.67646789550781	100.0	86.76470588235294
51	1	test	None	216	None	12	89.90740966796875	89.90740966796875	89.90740966796875	100.0	25.0
51	1	train	None	216	None	12	96.8724136352539	96.8724136352539	96.8724136352539	100.0	70.83333333333334
51	1	test	None	228	None	12	97.5	97.5	97.50000762939453	100.0	75.0
51	1	train	None	228	None	12	100.0	100.0	100.0	100.0	99.12280701754386
51	1	test	None	24	None	12	79.4444351196289	79.4444351196289	79.4444351196289	100.0	0.0
51	1	train	None	24	None	12	97.03703308105469	97.03703308105469	97.03703308105469	100.0	83.33333333333334
51	1	test	None	240	None	12	98.24073791503906	98.24073791503906	98.24073791503906	100.0	83.33333333333334
51	1	train	None	240	None	12	99.66666412353516	99.66666412353516	99.66666412353516	100.0	96.66666666666667
51	1	test	None	252	None	12	100.0	100.0	100.0	100.0	100.0
51	1	train	None	252	None	12	99.52379608154297	99.52379608154297	99.52379608154297	100.0	95.23809523809523
51	1	test	None	264	None	12	99.07408142089844	99.07408142089844	99.07408142089844	100.0	91.66666666666666
51	1	train	None	264	None	12	99.5791244506836	99.5791244506836	99.5791244506836	100.0	95.83333333333334
51	1	test	None	276	None	12	99.16666412353516	99.16666412353516	99.16666412353516	100.0	91.66666666666666
51	1	train	None	276	None	12	99.20287322998047	99.20287322998047	99.20287322998047	100.0	92.3913043478261
51	1	test	None	288	None	12	96.48148345947266	96.48148345947266	96.48148345947266	100.0	66.66666666666666
51	1	train	None	288	None	12	99.65277099609375	99.65277099609375	99.65277099609375	100.0	96.18055555555556
51	1	test	None	300	None	12	98.33332824707031	98.33332824707031	98.33332824707031	100.0	83.33333333333334
51	1	train	None	300	None	12	99.63333129882812	99.63333129882812	99.63333129882812	100.0	95.33333333333334
51	1	test	None	312	None	12	100.0	100.0	100.0	100.0	100.0
51	1	train	None	312	None	12	99.80769348144531	99.80769348144531	99.80769348144531	100.0	97.11538461538461
51	1	test	None	324	None	12	100.0	100.0	100.0	100.0	100.0
51	1	train	None	324	None	12	98.85802459716797	98.85802459716797	98.85802459716797	100.0	90.12345679012346
51	1	test	None	336	None	12	98.24073791503906	98.24073791503906	98.24073791503906	100.0	83.33333333333334
51	1	train	None	336	None	12	98.2109375	98.2109375	98.2109375	100.0	84.22619047619048
51	1	test	None	348	None	12	98.33333587646484	98.33333587646484	98.33333587646484	100.0	83.33333333333334
51	1	train	None	348	None	12	98.90481567382812	98.90481567382812	98.90481567382812	100.0	88.50574712643679
51	1	test	None	36	None	12	79.35184478759766	79.35184478759766	79.35184478759766	100.0	0.0
51	1	train	None	36	None	12	92.74690246582031	92.74690246582031	92.74690246582031	100.0	52.77777777777778
51	1	test	None	360	None	12	93.98148345947266	93.98148345947266	93.98148345947266	100.0	41.66666666666667
51	1	train	None	360	None	12	97.16966247558594	97.16966247558594	97.16966247558594	100.0	71.94444444444444
51	1	test	None	372	None	12	99.16666412353516	99.16666412353516	99.16666412353516	100.0	91.66666666666666
51	1	train	None	372	None	12	99.32196807861328	99.32196807861328	99.32196807861328	100.0	91.93548387096774
51	1	test	None	384	None	12	99.16666412353516	99.16666412353516	99.16666412353516	100.0	91.66666666666666
51	1	train	None	384	None	12	99.4010238647461	99.4010238647461	99.4010238647461	100.0	94.01041666666666
51	1	test	None	396	None	12	96.5740737915039	96.5740737915039	96.5740737915039	100.0	75.0
51	1	train	None	396	None	12	97.85066223144531	97.85066223144531	97.85066223144531	100.0	79.04040404040404
51	1	test	None	408	None	12	98.33333587646484	98.33333587646484	98.33333587646484	100.0	83.33333333333334
51	1	train	None	408	None	12	99.28919982910156	99.28919982910156	99.28919982910156	100.0	89.95098039215686
51	1	test	None	420	None	12	99.16666412353516	99.16666412353516	99.16666412353516	100.0	83.33333333333334
51	1	train	None	420	None	12	99.73543548583984	99.73543548583984	99.73543548583984	100.0	94.52380952380952
51	1	test	None	432	None	12	98.33332824707031	98.33332824707031	98.33332824707031	100.0	83.33333333333334
51	1	train	None	432	None	12	99.3158187866211	99.3158187866211	99.3158187866211	100.0	91.43518518518519
51	1	test	None	444	None	12	97.40740966796875	97.40740966796875	97.40740966796875	100.0	75.0
51	1	train	None	444	None	12	97.03691864013672	97.03691864013672	97.03691864013672	100.0	69.81981981981981
51	1	test	None	456	None	12	93.24073791503906	93.24073791503906	93.24073791503906	100.0	50.0
51	1	train	None	456	None	12	97.99944305419922	97.99944305419922	97.99944305419922	100.0	80.7017543859649
51	1	test	None	468	None	12	97.40740966796875	97.40740966796875	97.40740966796875	100.0	75.0
51	1	train	None	468	None	12	98.99568939208984	98.99568939208984	98.99568939208984	100.0	88.67521367521367
51	1	test	None	48	None	12	81.01851654052734	81.01851654052734	81.01851654052734	100.0	0.0
51	1	train	None	48	None	12	97.06018829345703	97.06018829345703	97.06018829345703	100.0	77.08333333333334
51	1	test	None	480	None	12	100.0	100.0	100.0	100.0	100.0
51	1	train	None	480	None	12	99.9375	99.9375	99.9375	100.0	99.375
51	1	test	None	492	None	12	99.16666412353516	99.16666412353516	99.16666412353516	100.0	91.66666666666666
51	1	train	None	492	None	12	98.5884780883789	98.5884780883789	98.5884780883789	100.0	86.99186991869918
51	1	test	None	504	None	12	100.0	100.0	100.0	100.0	100.0
51	1	train	None	504	None	12	99.5634765625	99.5634765625	99.5634765625	100.0	93.84920634920636
51	1	test	None	516	None	12	94.90740203857422	94.90740203857422	94.90740203857422	100.0	50.0
51	1	train	None	516	None	12	97.56018829345703	97.56018829345703	97.56018829345703	100.0	74.03100775193798
51	1	test	None	528	None	12	95.64814758300781	95.64814758300781	95.64814758300781	100.0	58.333333333333336
51	1	train	None	528	None	12	98.36275482177734	98.36275482177734	98.36275482177734	100.0	84.6590909090909
51	1	test	None	540	None	12	94.90740203857422	94.90740203857422	94.90740203857422	100.0	58.333333333333336
51	1	train	None	540	None	12	95.56979370117188	95.56979370117188	95.56979370117188	100.0	60.18518518518518
51	1	test	None	552	None	12	100.0	100.0	100.0	100.0	100.0
51	1	train	None	552	None	12	99.3659439086914	99.3659439086914	99.3659439086914	100.0	93.65942028985508
51	1	test	None	564	None	12	98.33332824707031	98.33332824707031	98.33332824707031	100.0	83.33333333333334
51	1	train	None	564	None	12	98.72534942626953	98.72534942626953	98.72534942626953	100.0	88.65248226950354
51	1	test	None	576	None	12	100.0	100.0	100.0	100.0	100.0
51	1	train	None	576	None	12	99.87846374511719	99.87846374511719	99.87846374511719	100.0	97.91666666666666
51	1	test	None	588	None	12	100.0	100.0	100.0	100.0	100.0
51	1	train	None	588	None	12	99.948974609375	99.948974609375	99.948974609375	100.0	99.14965986394559
51	1	test	None	60	None	12	81.7592544555664	81.7592544555664	81.7592544555664	100.0	0.0
51	1	train	None	60	None	12	97.48148345947266	97.48148345947266	97.48148345947266	100.0	76.66666666666667
51	1	test	None	600	None	12	94.0740737915039	94.0740737915039	94.0740737915039	100.0	33.33333333333333
51	1	train	None	600	None	12	96.68144226074219	96.68144226074219	96.68144226074219	100.0	65.16666666666666
51	1	test	None	72	None	12	86.20369720458984	86.20369720458984	86.20369720458984	100.0	0.0
51	1	train	None	72	None	12	99.16666412353516	99.16666412353516	99.16666412353516	100.0	93.05555555555556
51	1	test	None	84	None	12	81.94445037841797	81.94445037841797	81.94445037841797	100.0	0.0
51	1	train	None	84	None	12	96.87831115722656	96.87831115722656	96.87831115722656	100.0	73.80952380952381
51	1	test	None	96	None	12	87.96295928955078	87.96295928955078	87.96295928955078	100.0	8.333333333333332
51	1	train	None	96	None	12	99.6875	99.6875	99.6875	100.0	95.83333333333334
51	1	test	None	108	None	12	92.3148193359375	92.3148193359375	92.3148193359375	100.0	25.0
51	1	train	None	108	None	12	99.72222137451172	99.72222137451172	99.72222137451172	100.0	96.29629629629629
52	1	test	None	12	None	12	78.98149108886719	78.98149108886719	78.98149108886719	100.0	0.0
52	1	train	None	12	None	12	95.0	95.0	95.0	100.0	66.66666666666666
52	1	test	None	120	None	12	90.64814758300781	90.64814758300781	90.64814758300781	100.0	33.33333333333333
52	1	train	None	120	None	12	99.65741729736328	99.65741729736328	99.65741729736328	100.0	96.66666666666667
52	1	test	None	132	None	12	92.40740203857422	92.40740203857422	92.40740203857422	100.0	33.33333333333333
52	1	train	None	132	None	12	100.0	100.0	100.0	100.0	100.0
52	1	test	None	144	None	12	95.74073791503906	95.74073791503906	95.74073791503906	100.0	33.33333333333333
52	1	train	None	144	None	12	99.93054962158203	99.93054962158203	99.93054962158203	100.0	97.91666666666666
52	1	test	None	156	None	12	93.98147583007812	93.98147583007812	93.98147583007812	100.0	50.0
52	1	train	None	156	None	12	99.15242004394531	99.15242004394531	99.15242004394531	100.0	92.3076923076923
52	1	test	None	168	None	12	98.24073791503906	98.24073791503906	98.24073791503906	100.0	66.66666666666666
52	1	train	None	168	None	12	100.0	100.0	100.0	100.0	100.0
52	1	test	None	180	None	12	92.40740203857422	92.40740203857422	92.40740203857422	100.0	41.66666666666667
52	1	train	None	180	None	12	99.22222137451172	99.22222137451172	99.22222137451172	100.0	92.77777777777779
52	1	test	None	192	None	12	95.74073791503906	95.74073791503906	95.74073791503906	100.0	58.333333333333336
52	1	train	None	192	None	12	99.32290649414062	99.32290649414062	99.32290649414062	100.0	92.1875
52	1	test	None	204	None	12	95.0	95.0	95.0	100.0	50.0
52	1	train	None	204	None	12	98.81806182861328	98.81806182861328	98.81806182861328	100.0	87.74509803921569
52	1	test	None	216	None	12	94.90739440917969	94.90739440917969	94.90739440917969	100.0	50.0
52	1	train	None	216	None	12	98.42076873779297	98.42076873779297	98.42076873779297	100.0	83.79629629629629
52	1	test	None	228	None	12	95.83332824707031	95.83332824707031	95.83332824707031	100.0	75.0
52	1	train	None	228	None	12	99.51753997802734	99.51753997802734	99.51753997802734	100.0	94.73684210526315
52	1	test	None	24	None	12	80.7407455444336	80.7407455444336	80.7407455444336	100.0	0.0
52	1	train	None	24	None	12	92.49999237060547	92.49999237060547	92.5	100.0	66.66666666666666
52	1	test	None	240	None	12	99.16666412353516	99.16666412353516	99.16666412353516	100.0	83.33333333333334
52	1	train	None	240	None	12	99.54166412353516	99.54166412353516	99.54166412353516	100.0	95.41666666666667
52	1	test	None	252	None	12	96.57406616210938	96.57406616210938	96.57406616210938	100.0	66.66666666666666
52	1	train	None	252	None	12	98.62432861328125	98.62432861328125	98.62432861328125	100.0	87.6984126984127
52	1	test	None	264	None	12	96.66666412353516	96.66666412353516	96.66666412353516	100.0	66.66666666666666
52	1	train	None	264	None	12	97.5672836303711	97.5672836303711	97.5672836303711	100.0	74.24242424242425
52	1	test	None	276	None	12	99.07408142089844	99.07408142089844	99.07408142089844	100.0	91.66666666666666
52	1	train	None	276	None	12	99.92753601074219	99.92753601074219	99.92753601074219	100.0	99.27536231884058
52	1	test	None	288	None	12	100.0	100.0	100.0	100.0	100.0
52	1	train	None	288	None	12	100.0	100.0	100.0	100.0	100.0
52	1	test	None	300	None	12	100.0	100.0	100.0	100.0	100.0
52	1	train	None	300	None	12	100.0	100.0	100.0	100.0	100.0
52	1	test	None	312	None	12	98.33332824707031	98.33332824707031	98.33332824707031	100.0	83.33333333333334
52	1	train	None	312	None	12	99.29484558105469	99.29484558105469	99.29484558105469	100.0	92.94871794871796
52	1	test	None	324	None	12	98.33332824707031	98.33332824707031	98.33332824707031	100.0	83.33333333333334
52	1	train	None	324	None	12	98.67965698242188	98.67965698242188	98.67965698242188	100.0	85.80246913580247
52	1	test	None	336	None	12	98.24073791503906	98.24073791503906	98.24073791503906	100.0	83.33333333333334
52	1	train	None	336	None	12	99.163330078125	99.163330078125	99.163330078125	100.0	88.98809523809523
52	1	test	None	348	None	12	97.5	97.5	97.5	100.0	75.0
52	1	train	None	348	None	12	98.64299011230469	98.64299011230469	98.64299011230469	100.0	85.34482758620689
52	1	test	None	36	None	12	84.90740966796875	84.90740966796875	84.90740966796875	100.0	8.333333333333332
52	1	train	None	36	None	12	96.38888549804688	96.38888549804688	96.38888549804688	100.0	77.77777777777779
52	1	test	None	360	None	12	100.0	100.0	100.0	100.0	100.0
52	1	train	None	360	None	12	100.0	100.0	100.0	100.0	100.0
52	1	test	None	372	None	12	100.0	100.0	100.0	100.0	91.66666666666666
52	1	train	None	372	None	12	99.63558197021484	99.63558197021484	99.63558197021484	100.0	96.23655913978494
52	1	test	None	384	None	12	100.0	100.0	100.0	100.0	100.0
52	1	train	None	384	None	12	99.921875	99.921875	99.921875	100.0	98.17708333333334
52	1	test	None	396	None	12	94.0740737915039	94.0740737915039	94.0740737915039	100.0	41.66666666666667
52	1	train	None	396	None	12	97.4073257446289	97.4073257446289	97.4073257446289	100.0	75.0
52	1	test	None	408	None	12	96.5740737915039	96.5740737915039	96.5740737915039	100.0	75.0
52	1	train	None	408	None	12	99.24562072753906	99.24562072753906	99.24562072753906	100.0	89.70588235294117
52	1	test	None	420	None	12	95.83332824707031	95.83332824707031	95.83332824707031	100.0	58.333333333333336
52	1	train	None	420	None	12	97.15863800048828	97.15863800048828	97.15863800048828	100.0	70.23809523809523
52	1	test	None	432	None	12	100.0	100.0	100.0	100.0	91.66666666666666
52	1	train	None	432	None	12	100.0	100.0	100.0	100.0	98.61111111111111
52	1	test	None	444	None	12	97.40740966796875	97.40740966796875	97.40740966796875	100.0	75.0
52	1	train	None	444	None	12	97.45986938476562	97.45986938476562	97.45986938476562	100.0	75.90090090090091
52	1	test	None	456	None	12	97.5	97.5	97.5	100.0	75.0
52	1	train	None	456	None	12	97.7679443359375	97.7679443359375	97.7679443359375	100.0	77.85087719298247
52	1	test	None	468	None	12	96.57406616210938	96.57406616210938	96.57406616210938	100.0	66.66666666666666
52	1	train	None	468	None	12	97.24111938476562	97.24111938476562	97.24111938476562	100.0	71.58119658119658
52	1	test	None	48	None	12	79.0740737915039	79.0740737915039	79.0740737915039	100.0	0.0
52	1	train	None	48	None	12	93.33333587646484	93.33333587646484	93.33333587646484	100.0	58.333333333333336
52	1	test	None	480	None	12	100.0	100.0	100.0	100.0	91.66666666666666
52	1	train	None	480	None	12	99.3749771118164	99.3749771118164	99.3749771118164	100.0	88.54166666666666
52	1	test	None	492	None	12	98.33333587646484	98.33333587646484	98.33333587646484	100.0	83.33333333333334
52	1	train	None	492	None	12	99.30892181396484	99.30892181396484	99.30892181396484	100.0	92.07317073170732
52	1	test	None	504	None	12	99.07408142089844	99.07408142089844	99.07408142089844	100.0	91.66666666666666
52	1	train	None	504	None	12	99.69795989990234	99.69795989990234	99.69795989990234	100.0	97.02380952380952
52	1	test	None	516	None	12	100.0	100.0	100.0	100.0	100.0
52	1	train	None	516	None	12	99.54347229003906	99.54347229003906	99.54347229003906	100.0	93.7984496124031
52	1	test	None	528	None	12	97.40740966796875	97.40740966796875	97.40740966796875	100.0	75.0
52	1	train	None	528	None	12	99.10350799560547	99.10350799560547	99.10350799560547	100.0	91.85606060606061
52	1	test	None	540	None	12	99.16666412353516	99.16666412353516	99.16666412353516	100.0	91.66666666666666
52	1	train	None	540	None	12	99.4732437133789	99.4732437133789	99.4732437133789	100.0	95.55555555555556
52	1	test	None	552	None	12	98.24073791503906	98.24073791503906	98.24073791503906	100.0	83.33333333333334
52	1	train	None	552	None	12	99.50481414794922	99.50481414794922	99.50481414794922	100.0	95.28985507246377
52	1	test	None	564	None	12	99.16666412353516	99.16666412353516	99.16666412353516	100.0	91.66666666666666
52	1	train	None	564	None	12	99.76753234863281	99.76753234863281	99.76753234863281	100.0	95.0354609929078
52	1	test	None	576	None	12	100.0	100.0	100.0	100.0	100.0
52	1	train	None	576	None	12	99.96141815185547	99.96141815185547	99.96141815185547	100.0	99.65277777777779
52	1	test	None	588	None	12	100.0	100.0	100.0	100.0	100.0
52	1	train	None	588	None	12	99.0986557006836	99.0986557006836	99.0986557006836	100.0	91.15646258503402
52	1	test	None	60	None	12	80.74073791503906	80.74073791503906	80.74073791503906	100.0	0.0
52	1	train	None	60	None	12	91.33333587646484	91.33333587646484	91.33333587646484	100.0	53.333333333333336
52	1	test	None	600	None	12	99.16666412353516	99.16666412353516	99.16666412353516	100.0	91.66666666666666
52	1	train	None	600	None	12	98.34815216064453	98.34815216064453	98.34815216064453	100.0	80.16666666666666
52	1	test	None	72	None	12	85.74075317382812	85.74075317382812	85.74075317382812	100.0	8.333333333333332
52	1	train	None	72	None	12	98.0555648803711	98.0555648803711	98.0555648803711	100.0	77.77777777777779
52	1	test	None	84	None	12	84.07406616210938	84.07406616210938	84.0740737915039	100.0	0.0
52	1	train	None	84	None	12	95.93915557861328	95.93915557861328	95.93915557861328	100.0	71.42857142857143
52	1	test	None	96	None	12	92.40740966796875	92.40740966796875	92.40740966796875	100.0	25.0
52	1	train	None	96	None	12	98.85417938232422	98.85417938232422	98.85417938232422	100.0	88.54166666666666
52	1	test	None	108	None	12	90.74073791503906	90.74073791503906	90.74073791503906	100.0	16.666666666666664
52	1	train	None	108	None	12	97.8292236328125	97.8292236328125	97.8292236328125	100.0	81.48148148148148
53	1	test	None	12	None	12	78.33332824707031	78.33332824707031	78.33333587646484	100.0	0.0
53	1	train	None	12	None	12	100.0	100.0	100.0	100.0	100.0
53	1	test	None	120	None	12	96.66667175292969	96.66667175292969	96.66667175292969	100.0	50.0
53	1	train	None	120	None	12	99.39813995361328	99.39813995361328	99.39813995361328	100.0	94.16666666666667
53	1	test	None	132	None	12	90.83332824707031	90.83332824707031	90.83332824707031	100.0	16.666666666666664
53	1	train	None	132	None	12	97.5589370727539	97.5589370727539	97.5589370727539	100.0	76.51515151515152
53	1	test	None	144	None	12	98.33333587646484	98.33333587646484	98.33333587646484	100.0	83.33333333333334
53	1	train	None	144	None	12	99.72222137451172	99.72222137451172	99.72222137451172	100.0	97.22222222222221
53	1	test	None	156	None	12	99.16666412353516	99.16666412353516	99.16666412353516	100.0	83.33333333333334
53	1	train	None	156	None	12	100.0	100.0	100.0	100.0	100.0
53	1	test	None	168	None	12	98.33332824707031	98.33332824707031	98.33332824707031	100.0	83.33333333333334
53	1	train	None	168	None	12	100.0	100.0	100.0	100.0	100.0
53	1	test	None	180	None	12	98.33333587646484	98.33333587646484	98.33333587646484	100.0	91.66666666666666
53	1	train	None	180	None	12	100.0	100.0	100.0	100.0	100.0
53	1	test	None	192	None	12	100.0	100.0	100.0	100.0	100.0
53	1	train	None	192	None	12	99.68750762939453	99.68750762939453	99.68750762939453	100.0	95.3125
53	1	test	None	204	None	12	96.66666412353516	96.66666412353516	96.66666412353516	100.0	58.333333333333336
53	1	train	None	204	None	12	99.1121826171875	99.1121826171875	99.1121826171875	100.0	87.74509803921569
53	1	test	None	216	None	12	100.0	100.0	100.0	100.0	91.66666666666666
53	1	train	None	216	None	12	100.0	100.0	100.0	100.0	99.07407407407408
53	1	test	None	228	None	12	100.0	100.0	100.0	100.0	91.66666666666666
53	1	train	None	228	None	12	99.69297790527344	99.69297790527344	99.69297790527344	100.0	96.49122807017544
53	1	test	None	24	None	12	77.5	77.5	77.5	100.0	0.0
53	1	train	None	24	None	12	96.66666412353516	96.66666412353516	96.66666412353516	100.0	75.0
53	1	test	None	240	None	12	100.0	100.0	100.0	100.0	91.66666666666666
53	1	train	None	240	None	12	99.78704071044922	99.78704071044922	99.78704071044922	100.0	96.25
53	1	test	None	252	None	12	99.16666412353516	99.16666412353516	99.16666412353516	100.0	91.66666666666666
53	1	train	None	252	None	12	99.92063903808594	99.92063903808594	99.92063903808594	100.0	99.20634920634922
53	1	test	None	264	None	12	97.5	97.5	97.5	100.0	75.0
53	1	train	None	264	None	12	97.6767349243164	97.6767349243164	97.6767349243164	100.0	79.16666666666666
53	1	test	None	276	None	12	96.66666412353516	96.66666412353516	96.66666412353516	100.0	66.66666666666666
53	1	train	None	276	None	12	97.7364730834961	97.6730728149414	97.70124053955078	99.63768115942028	68.84057971014492
53	1	test	None	288	None	12	100.0	100.0	100.0	100.0	100.0
53	1	train	None	288	None	12	99.72222137451172	99.72222137451172	99.72222137451172	100.0	97.22222222222221
53	1	test	None	300	None	12	99.16666412353516	99.16666412353516	99.16666412353516	100.0	91.66666666666666
53	1	train	None	300	None	12	99.36666870117188	99.36666870117188	99.36666870117188	100.0	95.0
53	1	test	None	312	None	12	100.0	100.0	100.0	100.0	83.33333333333334
53	1	train	None	312	None	12	99.37675476074219	99.37675476074219	99.37675476074219	100.0	91.98717948717949
53	1	test	None	324	None	12	96.66666412353516	96.66666412353516	96.66666412353516	100.0	50.0
53	1	train	None	324	None	12	98.52533721923828	98.52533721923828	98.52533721923828	100.0	83.64197530864197
53	1	test	None	336	None	12	100.0	100.0	100.0	100.0	100.0
53	1	train	None	336	None	12	99.85118865966797	99.85118865966797	99.85118865966797	100.0	98.51190476190477
53	1	test	None	348	None	12	98.33333587646484	98.33333587646484	98.33333587646484	100.0	83.33333333333334
53	1	train	None	348	None	12	99.0229721069336	99.0229721069336	99.0229721069336	100.0	90.22988505747126
53	1	test	None	36	None	12	84.16667175292969	84.16667175292969	84.16667175292969	100.0	0.0
53	1	train	None	36	None	12	91.11109924316406	91.11109924316406	91.11109924316406	100.0	52.77777777777778
53	1	test	None	360	None	12	100.0	100.0	100.0	100.0	100.0
53	1	train	None	360	None	12	99.79320526123047	99.79320526123047	99.79320526123047	100.0	98.05555555555556
53	1	test	None	372	None	12	100.0	100.0	100.0	100.0	91.66666666666666
53	1	train	None	372	None	12	99.77000427246094	99.77000427246094	99.77000427246094	100.0	96.50537634408603
53	1	test	None	384	None	12	95.83332824707031	95.83332824707031	95.83332824707031	100.0	50.0
53	1	train	None	384	None	12	98.85413360595703	98.85413360595703	98.85413360595703	100.0	81.25
53	1	test	None	396	None	12	97.5	97.5	97.5	100.0	83.33333333333334
53	1	train	None	396	None	12	99.41917419433594	99.41917419433594	99.41917419433594	100.0	93.93939393939394
53	1	test	None	408	None	12	100.0	100.0	100.0	100.0	100.0
53	1	train	None	408	None	12	98.85615539550781	98.85615539550781	98.85615539550781	100.0	88.97058823529412
53	1	test	None	420	None	12	95.83332824707031	95.83332824707031	95.83332824707031	100.0	75.0
53	1	train	None	420	None	12	98.78304290771484	98.78304290771484	98.78304290771484	100.0	90.71428571428571
53	1	test	None	432	None	12	98.33333587646484	98.33333587646484	98.33333587646484	100.0	83.33333333333334
53	1	train	None	432	None	12	98.16866302490234	98.16866302490234	98.16866302490234	100.0	81.94444444444444
53	1	test	None	444	None	12	96.66666412353516	96.66666412353516	96.66666412353516	100.0	66.66666666666666
53	1	train	None	444	None	12	97.8427505493164	97.8427505493164	97.8427505493164	100.0	75.0
53	1	test	None	456	None	12	99.16666412353516	99.16666412353516	99.16666412353516	100.0	91.66666666666666
53	1	train	None	456	None	12	98.43804931640625	98.43804931640625	98.43804931640625	100.0	83.77192982456141
53	1	test	None	468	None	12	97.5	97.5	97.5	100.0	75.0
53	1	train	None	468	None	12	97.92252349853516	97.92252349853516	97.92252349853516	100.0	80.34188034188034
53	1	test	None	48	None	12	79.99999237060547	79.99999237060547	79.99999237060547	100.0	0.0
53	1	train	None	48	None	12	97.70833587646484	97.70833587646484	97.70833587646484	100.0	83.33333333333334
53	1	test	None	480	None	12	98.33333587646484	98.33333587646484	98.33333587646484	100.0	83.33333333333334
53	1	train	None	480	None	12	97.72909545898438	97.72909545898438	97.72909545898438	100.0	79.16666666666666
53	1	test	None	492	None	12	99.16666412353516	99.16666412353516	99.16666412353516	100.0	91.66666666666666
53	1	train	None	492	None	12	99.93450927734375	99.93450927734375	99.93450927734375	100.0	99.59349593495935
53	1	test	None	504	None	12	97.5	97.5	97.5	100.0	75.0
53	1	train	None	504	None	12	98.49861907958984	98.49861907958984	98.49861907958984	100.0	84.32539682539682
53	1	test	None	516	None	12	99.16666412353516	99.16666412353516	99.16666412353516	100.0	91.66666666666666
53	1	train	None	516	None	12	99.59085083007812	99.59085083007812	99.59085083007812	100.0	92.82945736434108
53	1	test	None	528	None	12	99.16666412353516	99.16666412353516	99.16666412353516	100.0	91.66666666666666
53	1	train	None	528	None	12	98.52266693115234	98.52266693115234	98.52266693115234	100.0	82.57575757575758
53	1	test	None	540	None	12	98.33333587646484	98.33333587646484	98.33333587646484	100.0	83.33333333333334
53	1	train	None	540	None	12	98.22216033935547	98.22216033935547	98.22216033935547	100.0	81.11111111111111
53	1	test	None	552	None	12	99.16666412353516	99.16666412353516	99.16666412353516	100.0	66.66666666666666
53	1	train	None	552	None	12	98.25884246826172	98.25884246826172	98.25884246826172	100.0	68.47826086956522
53	1	test	None	564	None	12	100.0	100.0	100.0	100.0	100.0
53	1	train	None	564	None	12	99.62175750732422	99.62175750732422	99.62175750732422	100.0	96.27659574468085
53	1	test	None	576	None	12	98.33333587646484	98.33333587646484	98.33333587646484	100.0	83.33333333333334
53	1	train	None	576	None	12	98.9178237915039	98.9178237915039	98.9178237915039	100.0	89.40972222222221
53	1	test	None	588	None	12	99.16666412353516	99.16666412353516	99.16666412353516	100.0	91.66666666666666
53	1	train	None	588	None	12	98.72445678710938	98.72445678710938	98.72445678710938	100.0	90.64625850340136
53	1	test	None	60	None	12	86.66667175292969	86.66667175292969	86.66667175292969	100.0	0.0
53	1	train	None	60	None	12	99.5	99.5	99.5	100.0	95.0
53	1	test	None	600	None	12	100.0	100.0	100.0	100.0	100.0
53	1	train	None	600	None	12	100.0	100.0	100.0	100.0	99.66666666666667
53	1	test	None	72	None	12	86.66666412353516	86.66666412353516	86.66666412353516	100.0	0.0
53	1	train	None	72	None	12	98.47221374511719	98.47221374511719	98.47221374511719	100.0	93.05555555555556
53	1	test	None	84	None	12	88.33332824707031	88.33332824707031	88.33332824707031	100.0	8.333333333333332
53	1	train	None	84	None	12	98.69046783447266	98.69046783447266	98.69046783447266	100.0	89.28571428571429
53	1	test	None	96	None	12	85.0	85.0	85.0	100.0	0.0
53	1	train	None	96	None	12	98.02084350585938	98.02084350585938	98.02084350585938	100.0	84.375
53	1	test	None	108	None	12	92.49999237060547	92.49999237060547	92.49999237060547	100.0	16.666666666666664
53	1	train	None	108	None	12	98.8888931274414	98.8888931274414	98.8888931274414	100.0	89.81481481481481
54	1	test	None	12	None	12	81.29629516601562	81.29629516601562	81.29629516601562	100.0	0.0
54	1	train	None	12	None	12	99.16666412353516	99.16666412353516	99.16666412353516	100.0	91.66666666666666
54	1	test	None	120	None	12	92.31481170654297	92.31481170654297	92.31481170654297	100.0	25.0
54	1	train	None	120	None	12	99.66667175292969	99.66667175292969	99.66667175292969	100.0	96.66666666666667
54	1	test	None	132	None	12	94.0740737915039	94.0740737915039	94.0740737915039	100.0	33.33333333333333
54	1	train	None	132	None	12	99.77273559570312	99.77273559570312	99.77273559570312	100.0	97.72727272727273
54	1	test	None	144	None	12	91.38888549804688	91.38888549804688	91.38888549804688	100.0	50.0
54	1	train	None	144	None	12	99.16667938232422	99.16667938232422	99.16667938232422	100.0	93.05555555555556
54	1	test	None	156	None	12	94.8148193359375	94.8148193359375	94.8148193359375	100.0	58.333333333333336
54	1	train	None	156	None	12	100.0	100.0	100.0	100.0	100.0
54	1	test	None	168	None	12	99.16666412353516	99.16666412353516	99.16666412353516	100.0	66.66666666666666
54	1	train	None	168	None	12	100.0	100.0	100.0	100.0	100.0
54	1	test	None	180	None	12	93.98148345947266	93.98148345947266	93.98148345947266	100.0	33.33333333333333
54	1	train	None	180	None	12	99.05555725097656	99.05555725097656	99.05555725097656	100.0	89.44444444444444
54	1	test	None	192	None	12	99.16666412353516	99.16666412353516	99.16666412353516	100.0	83.33333333333334
54	1	train	None	192	None	12	99.6875	99.6875	99.6875	100.0	97.39583333333334
54	1	test	None	204	None	12	97.40740966796875	97.40740966796875	97.40740966796875	100.0	41.66666666666667
54	1	train	None	204	None	12	99.70587921142578	99.70587921142578	99.70587921142578	100.0	96.07843137254902
54	1	test	None	216	None	12	93.88888549804688	93.88888549804688	93.88888549804688	100.0	50.0
54	1	train	None	216	None	12	99.53704071044922	99.53704071044922	99.53704071044922	100.0	94.44444444444444
54	1	test	None	228	None	12	100.0	100.0	100.0	100.0	83.33333333333334
54	1	train	None	228	None	12	100.0	100.0	100.0	100.0	99.56140350877193
54	1	test	None	24	None	12	87.31481170654297	87.31481170654297	87.31481170654297	100.0	0.0
54	1	train	None	24	None	12	99.16666412353516	99.16666412353516	99.16666412353516	100.0	91.66666666666666
54	1	test	None	240	None	12	96.66667175292969	96.66667175292969	96.66667175292969	100.0	66.66666666666666
54	1	train	None	240	None	12	98.07405090332031	98.07405090332031	98.07405090332031	100.0	80.0
54	1	test	None	252	None	12	97.3148193359375	97.3148193359375	97.3148193359375	100.0	58.333333333333336
54	1	train	None	252	None	12	99.71780395507812	99.71780395507812	99.71780395507812	100.0	94.44444444444444
54	1	test	None	264	None	12	97.5	97.5	97.5	100.0	66.66666666666666
54	1	train	None	264	None	12	99.09088897705078	99.09088897705078	99.09088897705078	100.0	89.77272727272727
54	1	test	None	276	None	12	96.66667175292969	96.66667175292969	96.66667175292969	100.0	75.0
54	1	train	None	276	None	12	98.55070495605469	98.55070495605469	98.55070495605469	100.0	86.95652173913044
54	1	test	None	288	None	12	98.33332824707031	98.33332824707031	98.33332824707031	100.0	58.333333333333336
54	1	train	None	288	None	12	99.13194274902344	99.13194274902344	99.13194274902344	100.0	84.375
54	1	test	None	300	None	12	98.14814758300781	98.14814758300781	98.14814758300781	100.0	83.33333333333334
54	1	train	None	300	None	12	98.71106719970703	98.71106719970703	98.71106719970703	100.0	87.0
54	1	test	None	312	None	12	100.0	100.0	100.0	100.0	66.66666666666666
54	1	train	None	312	None	12	100.0	100.0	100.0	100.0	97.11538461538461
54	1	test	None	324	None	12	94.72222137451172	94.72222137451172	94.72222137451172	100.0	58.333333333333336
54	1	train	None	324	None	12	96.32022857666016	96.32022857666016	96.32022857666016	100.0	66.35802469135803
54	1	test	None	336	None	12	97.3148193359375	97.3148193359375	97.3148193359375	100.0	83.33333333333334
54	1	train	None	336	None	12	98.01250457763672	98.01250457763672	98.01250457763672	100.0	80.35714285714286
54	1	test	None	348	None	12	100.0	100.0	100.0	100.0	100.0
54	1	train	None	348	None	12	100.0	100.0	100.0	100.0	97.70114942528735
54	1	test	None	36	None	12	81.38888549804688	81.38888549804688	81.38888549804688	100.0	0.0
54	1	train	None	36	None	12	89.96913146972656	89.96913146972656	89.96913146972656	100.0	47.22222222222222
54	1	test	None	360	None	12	96.48148345947266	96.48148345947266	96.48148345947266	100.0	58.333333333333336
54	1	train	None	360	None	12	98.65121459960938	98.65121459960938	98.65121459960938	100.0	81.66666666666667
54	1	test	None	372	None	12	94.90740203857422	94.90740203857422	94.90740203857422	100.0	50.0
54	1	train	None	372	None	12	97.9897689819336	97.9897689819336	97.9897689819336	100.0	80.3763440860215
54	1	test	None	384	None	12	100.0	100.0	100.0	100.0	91.66666666666666
54	1	train	None	384	None	12	99.84374237060547	99.84374237060547	99.84374237060547	100.0	97.91666666666666
54	1	test	None	396	None	12	100.0	100.0	100.0	100.0	100.0
54	1	train	None	396	None	12	100.0	100.0	100.0	100.0	100.0
54	1	test	None	408	None	12	96.57406616210938	96.57406616210938	96.57406616210938	100.0	66.66666666666666
54	1	train	None	408	None	12	98.49669647216797	98.49669647216797	98.49669647216797	100.0	86.02941176470588
54	1	test	None	420	None	12	98.33332824707031	98.33332824707031	98.33332824707031	100.0	75.0
54	1	train	None	420	None	12	99.51850891113281	99.51850891113281	99.51850891113281	100.0	93.33333333333333
54	1	test	None	432	None	12	97.40740966796875	97.40740966796875	97.40740966796875	100.0	66.66666666666666
54	1	train	None	432	None	12	99.07661437988281	99.07661437988281	99.07661437988281	100.0	91.20370370370371
54	1	test	None	444	None	12	97.5	97.5	97.5	100.0	75.0
54	1	train	None	444	None	12	98.40084075927734	98.40084075927734	98.40084075927734	100.0	83.78378378378379
54	1	test	None	456	None	12	96.66667175292969	96.66667175292969	96.66667175292969	100.0	58.333333333333336
54	1	train	None	456	None	12	98.98143768310547	98.98143768310547	98.98143768310547	100.0	85.96491228070175
54	1	test	None	468	None	12	97.3148193359375	97.3148193359375	97.3148193359375	100.0	75.0
54	1	train	None	468	None	12	96.72591400146484	96.72591400146484	96.72591400146484	100.0	70.51282051282051
54	1	test	None	48	None	12	80.55554962158203	80.55554962158203	80.55554962158203	100.0	0.0
54	1	train	None	48	None	12	91.41204071044922	91.41204071044922	91.41204071044922	100.0	56.25
54	1	test	None	480	None	12	97.5	97.5	97.5	100.0	75.0
54	1	train	None	480	None	12	99.66665649414062	99.66665649414062	99.66665649414062	100.0	96.875
54	1	test	None	492	None	12	94.0740737915039	94.0740737915039	94.0740737915039	100.0	50.0
54	1	train	None	492	None	12	99.22084045410156	99.22084045410156	99.22084045410156	100.0	91.66666666666666
54	1	test	None	504	None	12	97.5	97.5	97.5	100.0	75.0
54	1	train	None	504	None	12	99.58331298828125	99.58331298828125	99.58331298828125	100.0	95.83333333333334
54	1	test	None	516	None	12	95.0	95.0	95.0	100.0	33.33333333333333
54	1	train	None	516	None	12	99.12786865234375	99.12786865234375	99.12786865234375	100.0	89.34108527131784
54	1	test	None	528	None	12	95.74073791503906	95.74073791503906	95.74073791503906	100.0	58.333333333333336
54	1	train	None	528	None	12	98.15227508544922	98.15227508544922	98.15227508544922	100.0	79.92424242424242
54	1	test	None	540	None	12	94.07406616210938	94.07406616210938	94.07406616210938	100.0	41.66666666666667
54	1	train	None	540	None	12	96.66241455078125	96.66241455078125	96.66241455078125	100.0	66.85185185185185
54	1	test	None	552	None	12	100.0	100.0	100.0	100.0	100.0
54	1	train	None	552	None	12	100.0	100.0	100.0	100.0	100.0
54	1	test	None	564	None	12	89.81482696533203	89.81482696533203	89.81482696533203	100.0	8.333333333333332
54	1	train	None	564	None	12	93.459228515625	93.459228515625	93.459228515625	100.0	35.99290780141844
54	1	test	None	576	None	12	91.66667175292969	91.66667175292969	91.66667175292969	100.0	8.333333333333332
54	1	train	None	576	None	12	93.39494323730469	93.39494323730469	93.39494323730469	100.0	31.42361111111111
54	1	test	None	588	None	12	96.57406616210938	96.57406616210938	96.57406616210938	100.0	66.66666666666666
54	1	train	None	588	None	12	99.30270385742188	99.30270385742188	99.30270385742188	100.0	93.19727891156462
54	1	test	None	60	None	12	79.0740737915039	79.0740737915039	79.0740737915039	100.0	0.0
54	1	train	None	60	None	12	85.4259262084961	85.4259262084961	85.4259262084961	100.0	23.333333333333332
54	1	test	None	600	None	12	99.16666412353516	99.16666412353516	99.16666412353516	100.0	66.66666666666666
54	1	train	None	600	None	12	98.34813690185547	98.34813690185547	98.34813690185547	100.0	83.5
54	1	test	None	72	None	12	87.40740203857422	87.40740203857422	87.40740203857422	100.0	8.333333333333332
54	1	train	None	72	None	12	94.42901611328125	94.42901611328125	94.42901611328125	100.0	66.66666666666666
54	1	test	None	84	None	12	90.83332061767578	90.83332061767578	90.83332061767578	100.0	8.333333333333332
54	1	train	None	84	None	12	99.88095092773438	99.88095092773438	99.88095092773438	100.0	96.42857142857143
54	1	test	None	96	None	12	88.98148345947266	88.98148345947266	88.98148345947266	100.0	0.0
54	1	train	None	96	None	12	98.21759796142578	98.21759796142578	98.21759796142578	100.0	84.375
54	1	test	None	108	None	12	93.24073791503906	93.24073791503906	93.24073791503906	100.0	25.0
54	1	train	None	108	None	12	98.88890075683594	98.88890075683594	98.88890075683594	100.0	90.74074074074075
55	1	test	None	12	None	12	75.83333587646484	75.83333587646484	75.83334350585938	100.0	0.0
55	1	train	None	12	None	12	100.0	100.0	100.0	100.0	100.0
55	1	test	None	120	None	12	93.88888549804688	93.88888549804688	93.88888549804688	100.0	25.0
55	1	train	None	120	None	12	99.75000762939453	99.75000762939453	99.75000762939453	100.0	98.33333333333333
55	1	test	None	132	None	12	92.03703308105469	92.03703308105469	92.03703308105469	100.0	33.33333333333333
55	1	train	None	132	None	12	96.64144134521484	96.64144134521484	96.64144134521484	100.0	74.24242424242425
55	1	test	None	144	None	12	94.90740203857422	94.90740203857422	94.90740203857422	100.0	41.66666666666667
55	1	train	None	144	None	12	99.72222137451172	99.72222137451172	99.72222137451172	100.0	95.13888888888889
55	1	test	None	156	None	12	99.16666412353516	99.16666412353516	99.16666412353516	100.0	91.66666666666666
55	1	train	None	156	None	12	99.80770111083984	99.80770111083984	99.80770111083984	100.0	98.07692307692307
55	1	test	None	168	None	12	97.5	97.5	97.5	100.0	75.0
55	1	train	None	168	None	12	99.39813995361328	99.39813995361328	99.39813995361328	100.0	94.64285714285714
55	1	test	None	180	None	12	97.49999237060547	97.49999237060547	97.49999237060547	100.0	66.66666666666666
55	1	train	None	180	None	12	99.66666412353516	99.66666412353516	99.66666412353516	100.0	96.66666666666667
55	1	test	None	192	None	12	96.48148345947266	96.48148345947266	96.48148345947266	100.0	75.0
55	1	train	None	192	None	12	99.21295928955078	99.21295928955078	99.21295928955078	100.0	92.1875
55	1	test	None	204	None	12	97.40740966796875	97.40740966796875	97.40740966796875	100.0	75.0
55	1	train	None	204	None	12	100.0	100.0	100.0	100.0	100.0
55	1	test	None	216	None	12	97.5	97.5	97.5	100.0	75.0
55	1	train	None	216	None	12	99.90740966796875	99.90740966796875	99.90740966796875	100.0	99.53703703703704
55	1	test	None	228	None	12	97.40740966796875	97.40740966796875	97.40740966796875	100.0	66.66666666666666
55	1	train	None	228	None	12	99.42981719970703	99.42981719970703	99.42981719970703	100.0	94.2982456140351
55	1	test	None	24	None	12	75.09259796142578	75.09259796142578	75.09259796142578	100.0	0.0
55	1	train	None	24	None	12	88.33333587646484	88.33333587646484	88.33333587646484	100.0	45.83333333333333
55	1	test	None	240	None	12	96.38888549804688	96.38888549804688	96.38888549804688	100.0	50.0
55	1	train	None	240	None	12	99.27775573730469	99.27775573730469	99.27775573730469	100.0	85.83333333333333
55	1	test	None	252	None	12	100.0	100.0	100.0	100.0	100.0
55	1	train	None	252	None	12	100.0	100.0	100.0	100.0	100.0
55	1	test	None	264	None	12	96.38888549804688	96.38888549804688	96.38888549804688	100.0	66.66666666666666
55	1	train	None	264	None	12	99.42339324951172	99.42339324951172	99.42339324951172	100.0	91.66666666666666
55	1	test	None	276	None	12	96.38888549804688	96.38888549804688	96.38888549804688	100.0	50.0
55	1	train	None	276	None	12	99.34378051757812	99.34378051757812	99.34378051757812	100.0	90.94202898550725
55	1	test	None	288	None	12	92.96295928955078	92.96295928955078	92.96295928955078	100.0	41.66666666666667
55	1	train	None	288	None	12	97.92433166503906	97.92433166503906	97.92433166503906	100.0	77.43055555555556
55	1	test	None	300	None	12	96.57406616210938	96.57406616210938	96.57406616210938	100.0	66.66666666666666
55	1	train	None	300	None	12	97.42214965820312	97.42214965820312	97.42214965820312	100.0	73.66666666666667
55	1	test	None	312	None	12	96.5740737915039	96.5740737915039	96.5740737915039	100.0	66.66666666666666
55	1	train	None	312	None	12	97.67800903320312	97.67800903320312	97.67800903320312	100.0	76.28205128205127
55	1	test	None	324	None	12	97.49999237060547	97.49999237060547	97.49999237060547	100.0	75.0
55	1	train	None	324	None	12	97.95948028564453	97.95948028564453	97.95948028564453	100.0	80.24691358024691
55	1	test	None	336	None	12	100.0	100.0	100.0	100.0	91.66666666666666
55	1	train	None	336	None	12	98.63088989257812	98.63088989257812	98.63088989257812	100.0	84.82142857142857
55	1	test	None	348	None	12	98.33332824707031	98.33332824707031	98.33332824707031	100.0	75.0
55	1	train	None	348	None	12	99.1666488647461	99.1666488647461	99.1666488647461	100.0	83.62068965517241
55	1	test	None	36	None	12	78.51851654052734	78.51851654052734	78.51851654052734	100.0	8.333333333333332
55	1	train	None	36	None	12	98.88888549804688	98.88888549804688	98.88888549804688	100.0	91.66666666666666
55	1	test	None	360	None	12	99.07408142089844	99.07408142089844	99.07408142089844	100.0	91.66666666666666
55	1	train	None	360	None	12	99.58332824707031	99.58332824707031	99.58332824707031	100.0	95.83333333333334
55	1	test	None	372	None	12	99.07408142089844	99.07408142089844	99.07408142089844	100.0	91.66666666666666
55	1	train	None	372	None	12	99.94026184082031	99.94026184082031	99.94026184082031	100.0	99.46236559139786
55	1	test	None	384	None	12	95.64814758300781	95.64814758300781	95.64814758300781	100.0	50.0
55	1	train	None	384	None	12	96.30482482910156	96.30482482910156	96.30482482910156	100.0	62.760416666666664
55	1	test	None	396	None	12	99.16666412353516	99.16666412353516	99.16666412353516	100.0	83.33333333333334
55	1	train	None	396	None	12	99.7979736328125	99.7979736328125	99.7979736328125	100.0	95.2020202020202
55	1	test	None	408	None	12	97.5	97.5	97.5	100.0	75.0
55	1	train	None	408	None	12	99.65685272216797	99.65685272216797	99.65685272216797	100.0	96.56862745098039
55	1	test	None	420	None	12	97.5	97.5	97.5	100.0	83.33333333333334
55	1	train	None	420	None	12	99.51849365234375	99.51849365234375	99.51849365234375	100.0	92.14285714285714
55	1	test	None	432	None	12	95.74073791503906	95.74073791503906	95.74073791503906	100.0	50.0
55	1	train	None	432	None	12	97.98090362548828	97.98090362548828	97.98090362548828	100.0	78.24074074074075
55	1	test	None	444	None	12	96.66666412353516	96.66666412353516	96.66666412353516	100.0	66.66666666666666
55	1	train	None	444	None	12	99.0765609741211	99.0765609741211	99.0765609741211	100.0	87.61261261261262
55	1	test	None	456	None	12	99.16666412353516	99.16666412353516	99.16666412353516	100.0	91.66666666666666
55	1	train	None	456	None	12	99.53945922851562	99.53945922851562	99.53945922851562	100.0	95.39473684210526
55	1	test	None	468	None	12	95.83332824707031	95.83332824707031	95.83332824707031	100.0	58.333333333333336
55	1	train	None	468	None	12	97.22211456298828	97.22211456298828	97.22211456298828	100.0	69.87179487179486
55	1	test	None	48	None	12	76.85185241699219	76.85185241699219	76.85185241699219	100.0	0.0
55	1	train	None	48	None	12	93.95833587646484	93.95833587646484	93.95833587646484	100.0	64.58333333333334
55	1	test	None	480	None	12	96.48148345947266	96.48148345947266	96.48148345947266	100.0	50.0
55	1	train	None	480	None	12	97.93048858642578	97.93048858642578	97.93048858642578	100.0	76.04166666666666
55	1	test	None	492	None	12	99.16666412353516	99.16666412353516	99.16666412353516	100.0	91.66666666666666
55	1	train	None	492	None	12	98.9588623046875	98.9588623046875	98.9588623046875	100.0	90.04065040650406
55	1	test	None	504	None	12	100.0	100.0	100.0	100.0	100.0
55	1	train	None	504	None	12	99.94047546386719	99.94047546386719	99.94047546386719	100.0	99.8015873015873
55	1	test	None	516	None	12	99.16666412353516	99.16666412353516	99.16666412353516	100.0	83.33333333333334
55	1	train	None	516	None	12	99.08479309082031	99.08479309082031	99.08479309082031	100.0	90.89147286821705
55	1	test	None	528	None	12	94.90740966796875	94.90740966796875	94.90740966796875	100.0	50.0
55	1	train	None	528	None	12	96.32772064208984	96.32772064208984	96.32772064208984	100.0	65.71969696969697
55	1	test	None	540	None	12	100.0	100.0	100.0	100.0	100.0
55	1	train	None	540	None	12	99.44441986083984	99.44441986083984	99.44441986083984	100.0	95.18518518518519
55	1	test	None	552	None	12	97.40740966796875	97.40740966796875	97.40740966796875	100.0	66.66666666666666
55	1	train	None	552	None	12	98.74391174316406	98.74391174316406	98.74391174316406	100.0	80.79710144927536
55	1	test	None	564	None	12	100.0	100.0	100.0	100.0	91.66666666666666
55	1	train	None	564	None	12	99.6276626586914	99.6276626586914	99.6276626586914	100.0	93.79432624113475
55	1	test	None	576	None	12	99.16666412353516	99.16666412353516	99.16666412353516	100.0	83.33333333333334
55	1	train	None	576	None	12	99.8263931274414	99.8263931274414	99.8263931274414	100.0	97.56944444444444
55	1	test	None	588	None	12	100.0	100.0	100.0	100.0	100.0
55	1	train	None	588	None	12	99.96598052978516	99.96598052978516	99.96598052978516	100.0	99.65986394557824
55	1	test	None	60	None	12	79.53704071044922	79.53704071044922	79.53703308105469	100.0	0.0
55	1	train	None	60	None	12	96.83334350585938	96.83334350585938	96.83334350585938	100.0	78.33333333333333
55	1	test	None	600	None	12	95.83332824707031	95.83332824707031	95.83332824707031	100.0	58.333333333333336
55	1	train	None	600	None	12	97.3592529296875	97.3592529296875	97.3592529296875	100.0	74.66666666666667
55	1	test	None	72	None	12	88.05555725097656	88.05555725097656	88.05555725097656	100.0	0.0
55	1	train	None	72	None	12	99.72222137451172	99.72222137451172	99.72222137451172	100.0	97.22222222222221
55	1	test	None	84	None	12	90.64814758300781	90.64814758300781	90.64814758300781	100.0	8.333333333333332
55	1	train	None	84	None	12	99.16666412353516	99.16666412353516	99.16666412353516	100.0	92.85714285714286
55	1	test	None	96	None	12	88.88888549804688	88.88888549804688	88.88888549804688	100.0	25.0
55	1	train	None	96	None	12	98.54167175292969	98.54167175292969	98.54167175292969	100.0	86.45833333333334
55	1	test	None	108	None	12	93.05554962158203	93.05554962158203	93.05554962158203	100.0	33.33333333333333
55	1	train	None	108	None	12	99.35185241699219	99.35185241699219	99.35185241699219	100.0	93.51851851851852
56	1	test	None	12	None	12	79.16667175292969	79.16667175292969	79.16667175292969	100.0	0.0
56	1	train	None	12	None	12	100.0	100.0	100.0	100.0	100.0
56	1	test	None	120	None	12	99.16666412353516	99.16666412353516	99.16666412353516	100.0	75.0
56	1	train	None	120	None	12	99.90740203857422	99.90740203857422	99.90740203857422	100.0	99.16666666666667
56	1	test	None	132	None	12	84.16666412353516	84.16666412353516	84.16666412353516	100.0	8.333333333333332
56	1	train	None	132	None	12	98.78789520263672	98.78789520263672	98.78789520263672	100.0	90.15151515151516
56	1	test	None	144	None	12	97.50000762939453	97.50000762939453	97.50000762939453	100.0	75.0
56	1	train	None	144	None	12	98.88890075683594	98.88890075683594	98.88890075683594	100.0	88.19444444444444
56	1	test	None	156	None	12	94.16666412353516	92.5	93.2407455444336	91.66666666666666	41.66666666666667
56	1	train	None	156	None	12	99.55128479003906	99.42308044433594	99.48005676269531	99.35897435897436	94.87179487179486
56	1	test	None	168	None	12	96.66667175292969	96.66667175292969	96.66667175292969	100.0	66.66666666666666
56	1	train	None	168	None	12	99.70238494873047	99.70238494873047	99.70238494873047	100.0	97.02380952380952
56	1	test	None	180	None	12	95.0	95.0	95.0	100.0	50.0
56	1	train	None	180	None	12	99.6111068725586	99.6111068725586	99.6111068725586	100.0	95.55555555555556
56	1	test	None	192	None	12	96.66666412353516	96.66666412353516	96.66666412353516	100.0	66.66666666666666
56	1	train	None	192	None	12	99.5717544555664	99.5717544555664	99.5717544555664	100.0	95.83333333333334
56	1	test	None	204	None	12	96.66666412353516	96.66666412353516	96.66666412353516	100.0	66.66666666666666
56	1	train	None	204	None	12	98.82351684570312	98.82351684570312	98.82351684570312	100.0	89.2156862745098
56	1	test	None	216	None	12	98.33333587646484	98.33333587646484	98.33333587646484	100.0	83.33333333333334
56	1	train	None	216	None	12	99.8611068725586	99.8611068725586	99.8611068725586	100.0	98.14814814814815
56	1	test	None	228	None	12	98.33333587646484	98.33333587646484	98.33333587646484	100.0	83.33333333333334
56	1	train	None	228	None	12	99.42982482910156	99.42982482910156	99.42982482910156	100.0	95.17543859649122
56	1	test	None	24	None	12	81.66665649414062	81.66665649414062	81.66666412353516	100.0	0.0
56	1	train	None	24	None	12	97.08332824707031	97.08332824707031	97.08332824707031	100.0	87.5
56	1	test	None	240	None	12	98.33332824707031	98.33332824707031	98.33332824707031	100.0	83.33333333333334
56	1	train	None	240	None	12	99.95832824707031	99.95832824707031	99.95832824707031	100.0	99.58333333333333
56	1	test	None	252	None	12	95.83332824707031	95.83332824707031	95.83332824707031	100.0	58.333333333333336
56	1	train	None	252	None	12	99.88094329833984	99.88094329833984	99.88094329833984	100.0	98.4126984126984
56	1	test	None	264	None	12	95.0	95.0	95.0	100.0	50.0
56	1	train	None	264	None	12	98.32488250732422	98.32488250732422	98.32488250732422	100.0	82.95454545454545
56	1	test	None	276	None	12	99.16666412353516	99.16666412353516	99.16666412353516	100.0	91.66666666666666
56	1	train	None	276	None	12	98.43394470214844	98.43394470214844	98.43394470214844	100.0	84.78260869565217
56	1	test	None	288	None	12	98.33332824707031	98.33332824707031	98.33332824707031	100.0	75.0
56	1	train	None	288	None	12	99.72222137451172	99.72222137451172	99.72222137451172	100.0	94.79166666666666
56	1	test	None	300	None	12	92.5	92.5	92.5	100.0	33.33333333333333
56	1	train	None	300	None	12	97.53697204589844	97.53697204589844	97.53697204589844	100.0	74.33333333333333
56	1	test	None	312	None	12	95.83332824707031	95.83332824707031	95.83332824707031	100.0	58.333333333333336
56	1	train	None	312	None	12	97.55691528320312	97.55691528320312	97.55691528320312	100.0	76.92307692307693
56	1	test	None	324	None	12	98.33333587646484	98.33333587646484	98.33333587646484	100.0	83.33333333333334
56	1	train	None	324	None	12	99.66047668457031	99.66047668457031	99.66047668457031	100.0	94.1358024691358
56	1	test	None	336	None	12	100.0	100.0	100.0	100.0	100.0
56	1	train	None	336	None	12	99.69246673583984	99.69246673583984	99.69246673583984	100.0	97.32142857142857
56	1	test	None	348	None	12	98.33332824707031	98.33332824707031	98.33332824707031	100.0	83.33333333333334
56	1	train	None	348	None	12	99.65516662597656	99.65516662597656	99.65516662597656	100.0	96.83908045977012
56	1	test	None	36	None	12	81.66665649414062	81.66665649414062	81.66666412353516	100.0	0.0
56	1	train	None	36	None	12	97.22222137451172	97.22222137451172	97.22222137451172	100.0	80.55555555555556
56	1	test	None	360	None	12	100.0	100.0	100.0	100.0	100.0
56	1	train	None	360	None	12	100.0	100.0	100.0	100.0	100.0
56	1	test	None	372	None	12	99.16666412353516	99.16666412353516	99.16666412353516	100.0	91.66666666666666
56	1	train	None	372	None	12	99.21742248535156	99.21742248535156	99.21742248535156	100.0	90.05376344086021
56	1	test	None	384	None	12	96.66667175292969	96.66667175292969	96.66667175292969	100.0	66.66666666666666
56	1	train	None	384	None	12	98.54161834716797	98.54161834716797	98.54161834716797	100.0	79.6875
56	1	test	None	396	None	12	98.33332824707031	98.33332824707031	98.33332824707031	100.0	83.33333333333334
56	1	train	None	396	None	12	98.45393371582031	98.45393371582031	98.45393371582031	100.0	82.57575757575758
56	1	test	None	408	None	12	99.16666412353516	99.16666412353516	99.16666412353516	100.0	91.66666666666666
56	1	train	None	408	None	12	99.21566772460938	99.21566772460938	99.21566772460938	100.0	93.62745098039215
56	1	test	None	420	None	12	94.16665649414062	94.16665649414062	94.16665649414062	100.0	41.66666666666667
56	1	train	None	420	None	12	98.31739807128906	98.31739807128906	98.31739807128906	100.0	83.0952380952381
56	1	test	None	432	None	12	100.0	100.0	100.0	100.0	100.0
56	1	train	None	432	None	12	99.81995391845703	99.81995391845703	99.81995391845703	100.0	97.91666666666666
56	1	test	None	444	None	12	99.16666412353516	99.16666412353516	99.16666412353516	100.0	91.66666666666666
56	1	train	None	444	None	12	99.20667266845703	99.20667266845703	99.20667266845703	100.0	89.86486486486487
56	1	test	None	456	None	12	95.0	95.0	95.0	100.0	58.333333333333336
56	1	train	None	456	None	12	96.8639144897461	96.8639144897461	96.8639144897461	100.0	68.64035087719299
56	1	test	None	468	None	12	99.16666412353516	99.16666412353516	99.16666412353516	100.0	91.66666666666666
56	1	train	None	468	None	12	99.27347564697266	99.27347564697266	99.27347564697266	100.0	92.94871794871796
56	1	test	None	48	None	12	82.50000762939453	82.50000762939453	82.50000762939453	100.0	0.0
56	1	train	None	48	None	12	92.49999237060547	92.49999237060547	92.49999237060547	100.0	54.166666666666664
56	1	test	None	480	None	12	97.5	97.5	97.5	100.0	75.0
56	1	train	None	480	None	12	97.99760437011719	97.99760437011719	97.99760437011719	100.0	76.45833333333333
56	1	test	None	492	None	12	99.16666412353516	99.16666412353516	99.16666412353516	100.0	91.66666666666666
56	1	train	None	492	None	12	100.0	100.0	100.0	100.0	99.39024390243902
56	1	test	None	504	None	12	100.0	100.0	100.0	100.0	100.0
56	1	train	None	504	None	12	99.76189422607422	99.76189422607422	99.76189422607422	100.0	86.90476190476191
56	1	test	None	516	None	12	99.16666412353516	99.16666412353516	99.16666412353516	100.0	83.33333333333334
56	1	train	None	516	None	12	99.04388427734375	99.04388427734375	99.04388427734375	100.0	88.37209302325581
56	1	test	None	528	None	12	100.0	100.0	100.0	100.0	100.0
56	1	train	None	528	None	12	100.0	100.0	100.0	100.0	99.62121212121212
56	1	test	None	540	None	12	100.0	100.0	100.0	100.0	100.0
56	1	train	None	540	None	12	99.64813995361328	99.64813995361328	99.64813995361328	100.0	95.92592592592592
56	1	test	None	552	None	12	97.5	97.5	97.5	100.0	75.0
56	1	train	None	552	None	12	98.98548126220703	98.98548126220703	98.98548126220703	100.0	89.85507246376811
56	1	test	None	564	None	12	99.16666412353516	99.16666412353516	99.16666412353516	100.0	91.66666666666666
56	1	train	None	564	None	12	99.59021759033203	99.59021759033203	99.59021759033203	100.0	93.43971631205675
56	1	test	None	576	None	12	100.0	100.0	100.0	100.0	100.0
56	1	train	None	576	None	12	99.86111450195312	99.86111450195312	99.86111450195312	100.0	98.61111111111111
56	1	test	None	588	None	12	99.16666412353516	99.16666412353516	99.16666412353516	100.0	91.66666666666666
56	1	train	None	588	None	12	99.9451904296875	99.9451904296875	99.9451904296875	100.0	99.14965986394559
56	1	test	None	60	None	12	83.33332824707031	83.33332824707031	83.33332824707031	100.0	0.0
56	1	train	None	60	None	12	94.66667175292969	94.66667175292969	94.66667175292969	100.0	60.0
56	1	test	None	600	None	12	100.0	100.0	100.0	100.0	100.0
56	1	train	None	600	None	12	99.98148345947266	99.98148345947266	99.98148345947266	100.0	99.83333333333333
56	1	test	None	72	None	12	88.33332824707031	88.33332824707031	88.33332824707031	100.0	8.333333333333332
56	1	train	None	72	None	12	98.47223663330078	98.47223663330078	98.47223663330078	100.0	81.94444444444444
56	1	test	None	84	None	12	90.83332824707031	90.83332824707031	90.83332824707031	100.0	25.0
56	1	train	None	84	None	12	99.76190948486328	99.76190948486328	99.76190948486328	100.0	96.42857142857143
56	1	test	None	96	None	12	89.99999237060547	89.99999237060547	89.99999237060547	100.0	8.333333333333332
56	1	train	None	96	None	12	99.89583587646484	99.89583587646484	99.89583587646484	100.0	98.95833333333334
56	1	test	None	108	None	12	98.33332824707031	98.33332824707031	98.33332824707031	100.0	58.333333333333336
56	1	train	None	108	None	12	100.0	100.0	100.0	100.0	100.0
57	1	test	None	12	None	12	80.0	80.0	80.0	100.0	0.0
57	1	train	None	12	None	12	97.5	97.5	97.5	100.0	91.66666666666666
57	1	test	None	120	None	12	95.0	95.0	95.0	100.0	41.66666666666667
57	1	train	None	120	None	12	99.58334350585938	99.58334350585938	99.58334350585938	100.0	95.83333333333334
57	1	test	None	132	None	12	95.83332824707031	95.83332824707031	95.83332824707031	100.0	50.0
57	1	train	None	132	None	12	97.92931365966797	97.92931365966797	97.92931365966797	100.0	79.54545454545455
57	1	test	None	144	None	12	91.66665649414062	91.66665649414062	91.66665649414062	100.0	25.0
57	1	train	None	144	None	12	98.30248260498047	98.30248260498047	98.30248260498047	100.0	85.41666666666666
57	1	test	None	156	None	12	95.83332824707031	95.83332824707031	95.83332824707031	100.0	66.66666666666666
57	1	train	None	156	None	12	99.54415893554688	99.54415893554688	99.54415893554688	100.0	95.51282051282051
57	1	test	None	168	None	12	91.66667175292969	91.66667175292969	91.66667175292969	100.0	33.33333333333333
57	1	train	None	168	None	12	99.22618865966797	99.22618865966797	99.22618865966797	100.0	89.88095238095238
57	1	test	None	180	None	12	95.83332824707031	95.83332824707031	95.83332824707031	100.0	58.333333333333336
57	1	train	None	180	None	12	98.58642578125	98.58642578125	98.58642578125	100.0	87.77777777777777
57	1	test	None	192	None	12	95.83332824707031	95.83332824707031	95.83332824707031	100.0	66.66666666666666
57	1	train	None	192	None	12	99.63540649414062	99.63540649414062	99.63540649414062	100.0	96.35416666666666
57	1	test	None	204	None	12	99.16666412353516	99.16666412353516	99.16666412353516	100.0	75.0
57	1	train	None	204	None	12	99.95097351074219	99.95097351074219	99.95097351074219	100.0	98.0392156862745
57	1	test	None	216	None	12	100.0	100.0	100.0	100.0	91.66666666666666
57	1	train	None	216	None	12	99.80967712402344	99.80967712402344	99.80967712402344	100.0	98.14814814814815
57	1	test	None	228	None	12	98.33333587646484	98.33333587646484	98.33333587646484	100.0	83.33333333333334
57	1	train	None	228	None	12	99.95613861083984	99.95613861083984	99.95613861083984	100.0	99.56140350877193
57	1	test	None	24	None	12	79.16667175292969	79.16667175292969	79.16667175292969	100.0	0.0
57	1	train	None	24	None	12	92.870361328125	92.870361328125	92.870361328125	100.0	66.66666666666666
57	1	test	None	240	None	12	98.33333587646484	98.33333587646484	98.33333587646484	100.0	83.33333333333334
57	1	train	None	240	None	12	98.87034606933594	98.87034606933594	98.87034606933594	100.0	88.75
57	1	test	None	252	None	12	100.0	100.0	100.0	100.0	100.0
57	1	train	None	252	None	12	100.0	100.0	100.0	100.0	99.60317460317461
57	1	test	None	264	None	12	96.66667175292969	96.66667175292969	96.66667175292969	100.0	66.66666666666666
57	1	train	None	264	None	12	98.62370300292969	98.62370300292969	98.62370300292969	100.0	86.36363636363636
57	1	test	None	276	None	12	96.66666412353516	96.66666412353516	96.66666412353516	100.0	66.66666666666666
57	1	train	None	276	None	12	99.31158447265625	99.31158447265625	99.31158447265625	100.0	93.11594202898551
57	1	test	None	288	None	12	100.0	100.0	100.0	100.0	100.0
57	1	train	None	288	None	12	99.37112426757812	99.37112426757812	99.37112426757812	100.0	93.75
57	1	test	None	300	None	12	93.33333587646484	93.33333587646484	93.33334350585938	100.0	50.0
57	1	train	None	300	None	12	97.36290740966797	97.36290740966797	97.36290740966797	100.0	67.33333333333333
57	1	test	None	312	None	12	98.33333587646484	98.33333587646484	98.33333587646484	100.0	83.33333333333334
57	1	train	None	312	None	12	99.80056762695312	99.80056762695312	99.80056762695312	100.0	98.07692307692307
57	1	test	None	324	None	12	98.33333587646484	98.33333587646484	98.33333587646484	100.0	83.33333333333334
57	1	train	None	324	None	12	98.7894058227539	98.7894058227539	98.7894058227539	100.0	87.34567901234568
57	1	test	None	336	None	12	99.16666412353516	99.16666412353516	99.16666412353516	100.0	91.66666666666666
57	1	train	None	336	None	12	99.31546783447266	99.31546783447266	99.31546783447266	100.0	91.96428571428571
57	1	test	None	348	None	12	99.16666412353516	99.16666412353516	99.16666412353516	100.0	91.66666666666666
57	1	train	None	348	None	12	98.6717300415039	98.6717300415039	98.6717300415039	100.0	86.20689655172413
57	1	test	None	36	None	12	81.66667938232422	81.66667938232422	81.66667938232422	100.0	0.0
57	1	train	None	36	None	12	97.96296691894531	97.96296691894531	97.96296691894531	100.0	86.11111111111111
57	1	test	None	360	None	12	97.5	97.5	97.5	100.0	83.33333333333334
57	1	train	None	360	None	12	98.96292114257812	98.96292114257812	98.96292114257812	100.0	88.61111111111111
57	1	test	None	372	None	12	93.33333587646484	93.33333587646484	93.33333587646484	100.0	41.66666666666667
57	1	train	None	372	None	12	94.36363983154297	94.36363983154297	94.36363983154297	100.0	43.54838709677419
57	1	test	None	384	None	12	99.16666412353516	99.16666412353516	99.16666412353516	100.0	83.33333333333334
57	1	train	None	384	None	12	99.73957824707031	99.73957824707031	99.73957824707031	100.0	90.88541666666666
57	1	test	None	396	None	12	95.83334350585938	95.83334350585938	95.83334350585938	100.0	66.66666666666666
57	1	train	None	396	None	12	97.4522476196289	97.4522476196289	97.4522476196289	100.0	76.26262626262627
57	1	test	None	408	None	12	100.0	100.0	100.0	100.0	100.0
57	1	train	None	408	None	12	99.8529281616211	99.8529281616211	99.8529281616211	100.0	97.54901960784314
57	1	test	None	420	None	12	97.50000762939453	97.50000762939453	97.50000762939453	100.0	83.33333333333334
57	1	train	None	420	None	12	99.35448455810547	99.35448455810547	99.35448455810547	100.0	93.80952380952381
57	1	test	None	432	None	12	100.0	100.0	100.0	100.0	100.0
57	1	train	None	432	None	12	100.0	100.0	100.0	100.0	100.0
57	1	test	None	444	None	12	96.66666412353516	96.66666412353516	96.66666412353516	100.0	66.66666666666666
57	1	train	None	444	None	12	98.62606811523438	98.62606811523438	98.62606811523438	100.0	86.48648648648648
57	1	test	None	456	None	12	98.33333587646484	98.33333587646484	98.33333587646484	100.0	83.33333333333334
57	1	train	None	456	None	12	98.35520935058594	98.35520935058594	98.35520935058594	100.0	81.14035087719299
57	1	test	None	468	None	12	92.49999237060547	92.49999237060547	92.49999237060547	100.0	33.33333333333333
57	1	train	None	468	None	12	97.79193878173828	97.79193878173828	97.79193878173828	100.0	78.63247863247864
57	1	test	None	48	None	12	83.33334350585938	83.33334350585938	83.33334350585938	100.0	0.0
57	1	train	None	48	None	12	96.25	96.25	96.25	100.0	75.0
57	1	test	None	480	None	12	99.16666412353516	99.16666412353516	99.16666412353516	100.0	83.33333333333334
57	1	train	None	480	None	12	98.8541259765625	98.8541259765625	98.8541259765625	100.0	82.29166666666666
57	1	test	None	492	None	12	98.33333587646484	98.33333587646484	98.33333587646484	100.0	91.66666666666666
57	1	train	None	492	None	12	99.6296157836914	99.6296157836914	99.6296157836914	100.0	96.54471544715447
57	1	test	None	504	None	12	100.0	100.0	100.0	100.0	91.66666666666666
57	1	train	None	504	None	12	99.93606567382812	99.93606567382812	99.93606567382812	100.0	98.80952380952381
57	1	test	None	516	None	12	96.66667175292969	96.66667175292969	96.66667175292969	100.0	66.66666666666666
57	1	train	None	516	None	12	99.05034637451172	99.05034637451172	99.05034637451172	100.0	90.69767441860465
57	1	test	None	528	None	12	100.0	100.0	100.0	100.0	100.0
57	1	train	None	528	None	12	99.81902313232422	99.81902313232422	99.81902313232422	100.0	98.29545454545455
57	1	test	None	540	None	12	98.33332824707031	98.33332824707031	98.33332824707031	100.0	83.33333333333334
57	1	train	None	540	None	12	96.87023162841797	96.87023162841797	96.87023162841797	100.0	65.92592592592592
57	1	test	None	552	None	12	98.33332824707031	98.33332824707031	98.33332824707031	100.0	75.0
57	1	train	None	552	None	12	98.94522094726562	98.94522094726562	98.94522094726562	100.0	85.68840579710145
57	1	test	None	564	None	12	100.0	100.0	100.0	100.0	100.0
57	1	train	None	564	None	12	99.9605941772461	99.9605941772461	99.9605941772461	100.0	99.64539007092199
57	1	test	None	576	None	12	95.83332824707031	95.83332824707031	95.83332824707031	100.0	58.333333333333336
57	1	train	None	576	None	12	97.18167877197266	97.18167877197266	97.18167877197266	100.0	71.18055555555556
57	1	test	None	588	None	12	100.0	100.0	100.0	100.0	100.0
57	1	train	None	588	None	12	100.0	100.0	100.0	100.0	100.0
57	1	test	None	60	None	12	80.83333587646484	80.83333587646484	80.83333587646484	100.0	0.0
57	1	train	None	60	None	12	91.12964630126953	91.12964630126953	91.12964630126953	100.0	41.66666666666667
57	1	test	None	600	None	12	94.16665649414062	94.16665649414062	94.16665649414062	100.0	41.66666666666667
57	1	train	None	600	None	12	94.00542449951172	94.00542449951172	94.00542449951172	100.0	45.33333333333333
57	1	test	None	72	None	12	90.83332824707031	90.83332824707031	90.83332824707031	100.0	25.0
57	1	train	None	72	None	12	99.16666412353516	99.16666412353516	99.16666412353516	100.0	95.83333333333334
57	1	test	None	84	None	12	89.99999237060547	89.99999237060547	90.0	100.0	16.666666666666664
57	1	train	None	84	None	12	97.2354507446289	97.2354507446289	97.2354507446289	100.0	80.95238095238095
57	1	test	None	96	None	12	93.33333587646484	93.33333587646484	93.33333587646484	100.0	41.66666666666667
57	1	train	None	96	None	12	99.79167175292969	99.79167175292969	99.79167175292969	100.0	97.91666666666666
57	1	test	None	108	None	12	93.33333587646484	93.33333587646484	93.33333587646484	100.0	33.33333333333333
57	1	train	None	108	None	12	97.95268249511719	97.95268249511719	97.95268249511719	100.0	80.55555555555556
58	1	test	None	12	None	12	77.5	77.5	77.5	100.0	0.0
58	1	train	None	12	None	12	97.5	97.5	97.5	100.0	83.33333333333334
58	1	test	None	120	None	12	95.83332824707031	95.83332824707031	95.83332824707031	100.0	50.0
58	1	train	None	120	None	12	100.0	100.0	100.0	100.0	100.0
58	1	test	None	132	None	12	84.16666412353516	84.16666412353516	84.16667175292969	100.0	8.333333333333332
58	1	train	None	132	None	12	97.02021789550781	97.02021789550781	97.02021789550781	100.0	78.03030303030303
58	1	test	None	144	None	12	89.99999237060547	89.99999237060547	89.99999237060547	100.0	33.33333333333333
58	1	train	None	144	None	12	98.66513061523438	98.66513061523438	98.66513061523438	100.0	85.41666666666666
58	1	test	None	156	None	12	95.0	95.0	95.0	100.0	50.0
58	1	train	None	156	None	12	99.87179565429688	99.87179565429688	99.87179565429688	100.0	98.71794871794873
58	1	test	None	168	None	12	95.83332824707031	95.83332824707031	95.83332824707031	100.0	66.66666666666666
58	1	train	None	168	None	12	99.70238494873047	99.70238494873047	99.70238494873047	100.0	97.02380952380952
58	1	test	None	180	None	12	100.0	100.0	100.0	100.0	100.0
58	1	train	None	180	None	12	99.83333587646484	99.83333587646484	99.83333587646484	100.0	96.11111111111111
58	1	test	None	192	None	12	99.16666412353516	99.16666412353516	99.16666412353516	100.0	91.66666666666666
58	1	train	None	192	None	12	99.94791412353516	99.94791412353516	99.94791412353516	100.0	99.47916666666666
58	1	test	None	204	None	12	100.0	100.0	100.0	100.0	83.33333333333334
58	1	train	None	204	None	12	100.0	100.0	100.0	100.0	100.0
58	1	test	None	216	None	12	99.16666412353516	99.16666412353516	99.16666412353516	100.0	83.33333333333334
58	1	train	None	216	None	12	97.96293640136719	97.96293640136719	97.96293640136719	100.0	79.16666666666666
58	1	test	None	228	None	12	97.5	97.5	97.5	100.0	66.66666666666666
58	1	train	None	228	None	12	99.4249267578125	99.4249267578125	99.4249267578125	100.0	92.98245614035088
58	1	test	None	24	None	12	77.5	77.5	77.5	100.0	0.0
58	1	train	None	24	None	12	91.66667175292969	91.66667175292969	91.66667175292969	100.0	66.66666666666666
58	1	test	None	240	None	12	96.66667175292969	96.66667175292969	96.66667175292969	100.0	75.0
58	1	train	None	240	None	12	99.41665649414062	99.41665649414062	99.41665649414062	100.0	93.33333333333333
58	1	test	None	252	None	12	95.83332824707031	95.83332824707031	95.83332824707031	100.0	41.66666666666667
58	1	train	None	252	None	12	98.41268157958984	98.41268157958984	98.41268157958984	100.0	82.14285714285714
58	1	test	None	264	None	12	98.33332824707031	98.33332824707031	98.33332824707031	100.0	66.66666666666666
58	1	train	None	264	None	12	99.54122924804688	99.54122924804688	99.54122924804688	100.0	90.9090909090909
58	1	test	None	276	None	12	98.33333587646484	98.33333587646484	98.33333587646484	100.0	75.0
58	1	train	None	276	None	12	99.32366180419922	99.32366180419922	99.32366180419922	100.0	87.68115942028986
58	1	test	None	288	None	12	95.83332824707031	95.83332824707031	95.83332824707031	100.0	58.333333333333336
58	1	train	None	288	None	12	97.00225067138672	97.00225067138672	97.00225067138672	100.0	69.79166666666666
58	1	test	None	300	None	12	98.33332824707031	98.33332824707031	98.33332824707031	100.0	83.33333333333334
58	1	train	None	300	None	12	99.39997100830078	99.39997100830078	99.39997100830078	100.0	92.66666666666666
58	1	test	None	312	None	12	98.33333587646484	98.33333587646484	98.33333587646484	100.0	83.33333333333334
58	1	train	None	312	None	12	99.39102172851562	99.39102172851562	99.39102172851562	100.0	93.58974358974359
58	1	test	None	324	None	12	95.83332824707031	95.83332824707031	95.83332824707031	100.0	66.66666666666666
58	1	train	None	324	None	12	98.85455322265625	98.85455322265625	98.85455322265625	100.0	88.27160493827161
58	1	test	None	336	None	12	96.66666412353516	96.66666412353516	96.66666412353516	100.0	66.66666666666666
58	1	train	None	336	None	12	98.6904296875	98.6904296875	98.6904296875	100.0	86.60714285714286
58	1	test	None	348	None	12	95.83332824707031	95.83332824707031	95.83332824707031	100.0	58.333333333333336
58	1	train	None	348	None	12	98.15448760986328	98.15448760986328	98.15448760986328	100.0	81.32183908045977
58	1	test	None	36	None	12	81.66665649414062	81.66665649414062	81.66665649414062	100.0	0.0
58	1	train	None	36	None	12	97.5	97.5	97.5	100.0	86.11111111111111
58	1	test	None	360	None	12	98.33333587646484	98.33333587646484	98.33333587646484	100.0	75.0
58	1	train	None	360	None	12	99.66665649414062	99.66665649414062	99.66665649414062	100.0	90.83333333333333
58	1	test	None	372	None	12	98.33332824707031	98.33332824707031	98.33332824707031	100.0	75.0
58	1	train	None	372	None	12	99.00237274169922	99.00237274169922	99.00237274169922	100.0	86.55913978494624
58	1	test	None	384	None	12	94.16665649414062	94.16665649414062	94.16665649414062	100.0	41.66666666666667
58	1	train	None	384	None	12	97.10350036621094	97.10350036621094	97.10350036621094	100.0	73.4375
58	1	test	None	396	None	12	100.0	100.0	100.0	100.0	100.0
58	1	train	None	396	None	12	100.0	100.0	100.0	100.0	100.0
58	1	test	None	408	None	12	97.5	97.5	97.5	100.0	66.66666666666666
58	1	train	None	408	None	12	98.86434173583984	98.86434173583984	98.86434173583984	100.0	88.48039215686273
58	1	test	None	420	None	12	96.66666412353516	96.66666412353516	96.66666412353516	100.0	66.66666666666666
58	1	train	None	420	None	12	99.37562561035156	99.37562561035156	99.37562561035156	100.0	93.0952380952381
58	1	test	None	432	None	12	100.0	100.0	100.0	100.0	100.0
58	1	train	None	432	None	12	99.70935821533203	99.70935821533203	99.70935821533203	100.0	96.52777777777779
58	1	test	None	444	None	12	99.16666412353516	99.16666412353516	99.16666412353516	100.0	91.66666666666666
58	1	train	None	444	None	12	99.48196411132812	99.48196411132812	99.48196411132812	100.0	94.81981981981981
58	1	test	None	456	None	12	95.83332824707031	95.83332824707031	95.83332824707031	100.0	58.333333333333336
58	1	train	None	456	None	12	96.01593780517578	96.01593780517578	96.01593780517578	100.0	60.08771929824561
58	1	test	None	468	None	12	96.66667175292969	96.66667175292969	96.66667175292969	100.0	66.66666666666666
58	1	train	None	468	None	12	98.46861267089844	98.46861267089844	98.46861267089844	100.0	85.25641025641025
58	1	test	None	48	None	12	82.5	82.5	82.5	100.0	0.0
58	1	train	None	48	None	12	93.125	93.125	93.125	100.0	66.66666666666666
58	1	test	None	480	None	12	96.66667175292969	96.66667175292969	96.66667175292969	100.0	50.0
58	1	train	None	480	None	12	98.05316162109375	98.05316162109375	98.05316162109375	100.0	80.41666666666667
58	1	test	None	492	None	12	97.50000762939453	97.50000762939453	97.50000762939453	100.0	75.0
58	1	train	None	492	None	12	98.81432342529297	98.81432342529297	98.81432342529297	100.0	86.78861788617887
58	1	test	None	504	None	12	98.33333587646484	98.33333587646484	98.33333587646484	100.0	83.33333333333334
58	1	train	None	504	None	12	99.07845306396484	99.07845306396484	99.07845306396484	100.0	89.0873015873016
58	1	test	None	516	None	12	97.5	97.5	97.5	100.0	75.0
58	1	train	None	516	None	12	98.26219940185547	98.26219940185547	98.26219940185547	100.0	81.5891472868217
58	1	test	None	528	None	12	95.0	95.0	95.0	100.0	50.0
58	1	train	None	528	None	12	97.91446685791016	97.91446685791016	97.91446685791016	100.0	78.03030303030303
58	1	test	None	540	None	12	99.16666412353516	99.16666412353516	99.16666412353516	100.0	91.66666666666666
58	1	train	None	540	None	12	99.77776336669922	99.77776336669922	99.77776336669922	100.0	97.77777777777777
58	1	test	None	552	None	12	100.0	100.0	100.0	100.0	100.0
58	1	train	None	552	None	12	99.98188781738281	99.98188781738281	99.98188781738281	100.0	99.81884057971014
58	1	test	None	564	None	12	95.83332824707031	95.83332824707031	95.83332824707031	100.0	58.333333333333336
58	1	train	None	564	None	12	97.8013687133789	97.8013687133789	97.8013687133789	100.0	79.60992907801419
58	1	test	None	576	None	12	99.16666412353516	99.16666412353516	99.16666412353516	100.0	91.66666666666666
58	1	train	None	576	None	12	99.20137023925781	99.20137023925781	99.20137023925781	100.0	92.01388888888889
58	1	test	None	588	None	12	97.50000762939453	97.50000762939453	97.50000762939453	100.0	33.33333333333333
58	1	train	None	588	None	12	98.19535064697266	98.19535064697266	98.19535064697266	100.0	61.05442176870748
58	1	test	None	60	None	12	78.33332824707031	78.33332824707031	78.33332824707031	100.0	0.0
58	1	train	None	60	None	12	85.61112213134766	85.61112213134766	85.61112213134766	100.0	31.666666666666664
58	1	test	None	600	None	12	96.66667175292969	96.66667175292969	96.66667175292969	100.0	66.66666666666666
58	1	train	None	600	None	12	98.20186614990234	98.20186614990234	98.20186614990234	100.0	82.16666666666667
58	1	test	None	72	None	12	87.49999237060547	87.49999237060547	87.49999237060547	100.0	16.666666666666664
58	1	train	None	72	None	12	98.0555648803711	98.0555648803711	98.0555648803711	100.0	84.72222222222221
58	1	test	None	84	None	12	86.66666412353516	86.66666412353516	86.66666412353516	100.0	16.666666666666664
58	1	train	None	84	None	12	99.64285278320312	99.64285278320312	99.64285278320312	100.0	96.42857142857143
58	1	test	None	96	None	12	89.16666412353516	89.16666412353516	89.16666412353516	100.0	25.0
58	1	train	None	96	None	12	99.47917175292969	99.47917175292969	99.47917175292969	100.0	93.75
58	1	test	None	108	None	12	96.6666488647461	96.6666488647461	96.6666488647461	100.0	66.66666666666666
58	1	train	None	108	None	12	100.0	100.0	100.0	100.0	100.0
59	1	test	None	12	None	12	75.74073791503906	75.74073791503906	75.74073791503906	100.0	0.0
59	1	train	None	12	None	12	97.5	97.5	97.5	100.0	83.33333333333334
59	1	test	None	120	None	12	89.07408142089844	89.07408142089844	89.07408142089844	100.0	8.333333333333332
59	1	train	None	120	None	12	99.4907455444336	99.4907455444336	99.4907455444336	100.0	92.5
59	1	test	None	132	None	12	93.24073028564453	93.24073028564453	93.24073791503906	100.0	33.33333333333333
59	1	train	None	132	None	12	97.26432800292969	97.26432800292969	97.26432800292969	100.0	75.0
59	1	test	None	144	None	12	94.07406616210938	94.07406616210938	94.07406616210938	100.0	41.66666666666667
59	1	train	None	144	None	12	100.0	100.0	100.0	100.0	100.0
59	1	test	None	156	None	12	100.0	100.0	100.0	100.0	100.0
59	1	train	None	156	None	12	100.0	100.0	100.0	100.0	100.0
59	1	test	None	168	None	12	98.14814758300781	98.14814758300781	98.14814758300781	100.0	91.66666666666666
59	1	train	None	168	None	12	99.87433624267578	99.87433624267578	99.87433624267578	100.0	98.80952380952381
59	1	test	None	180	None	12	95.83332824707031	95.83332824707031	95.83332824707031	100.0	50.0
59	1	train	None	180	None	12	98.99999237060547	98.99999237060547	98.99999237060547	100.0	88.33333333333333
59	1	test	None	192	None	12	95.74073791503906	95.74073791503906	95.74073791503906	100.0	66.66666666666666
59	1	train	None	192	None	12	98.00345611572266	98.00345611572266	98.00345611572266	100.0	78.64583333333334
59	1	test	None	204	None	12	96.66667175292969	96.66667175292969	96.66667175292969	100.0	66.66666666666666
59	1	train	None	204	None	12	98.62199401855469	98.62199401855469	98.62199401855469	100.0	83.82352941176471
59	1	test	None	216	None	12	95.74073791503906	95.74073791503906	95.74073791503906	100.0	50.0
59	1	train	None	216	None	12	98.81684875488281	98.81684875488281	98.81684875488281	100.0	87.96296296296296
59	1	test	None	228	None	12	94.0740737915039	94.0740737915039	94.0740737915039	100.0	50.0
59	1	train	None	228	None	12	97.93855285644531	97.93855285644531	97.93855285644531	100.0	77.63157894736842
59	1	test	None	24	None	12	80.74073791503906	80.74073791503906	80.74073791503906	100.0	0.0
59	1	train	None	24	None	12	98.28704071044922	98.28704071044922	98.28704071044922	100.0	91.66666666666666
59	1	test	None	240	None	12	98.24073791503906	98.24073791503906	98.24073791503906	100.0	83.33333333333334
59	1	train	None	240	None	12	99.39350128173828	99.39350128173828	99.39350128173828	100.0	94.16666666666667
59	1	test	None	252	None	12	100.0	100.0	100.0	100.0	100.0
59	1	train	None	252	None	12	99.68253326416016	99.68253326416016	99.68253326416016	100.0	96.82539682539682
59	1	test	None	264	None	12	98.33333587646484	98.33333587646484	98.33333587646484	100.0	91.66666666666666
59	1	train	None	264	None	12	99.58332061767578	99.58332061767578	99.58332061767578	100.0	89.77272727272727
59	1	test	None	276	None	12	97.40740966796875	97.40740966796875	97.40740966796875	100.0	75.0
59	1	train	None	276	None	12	99.73832702636719	99.73832702636719	99.73832702636719	100.0	93.84057971014492
59	1	test	None	288	None	12	96.5740737915039	96.5740737915039	96.5740737915039	100.0	66.66666666666666
59	1	train	None	288	None	12	97.69670867919922	97.69670867919922	97.69670867919922	100.0	76.38888888888889
59	1	test	None	300	None	12	96.66667175292969	96.66667175292969	96.66667175292969	100.0	58.333333333333336
59	1	train	None	300	None	12	98.3406982421875	98.3406982421875	98.3406982421875	100.0	80.66666666666666
59	1	test	None	312	None	12	96.5740737915039	96.5740737915039	96.5740737915039	100.0	66.66666666666666
59	1	train	None	312	None	12	99.32691192626953	99.32691192626953	99.32691192626953	100.0	93.26923076923077
59	1	test	None	324	None	12	99.07408142089844	99.07408142089844	99.07408142089844	100.0	91.66666666666666
59	1	train	None	324	None	12	98.91973114013672	98.91973114013672	98.91973114013672	100.0	86.41975308641975
59	1	test	None	336	None	12	95.74073791503906	95.74073791503906	95.74073791503906	100.0	58.333333333333336
59	1	train	None	336	None	12	98.31343078613281	98.31343078613281	98.31343078613281	100.0	83.33333333333334
59	1	test	None	348	None	12	97.50000762939453	97.50000762939453	97.50000762939453	100.0	75.0
59	1	train	None	348	None	12	98.33326721191406	98.33326721191406	98.33326721191406	100.0	83.33333333333334
59	1	test	None	36	None	12	85.74073791503906	85.74073791503906	85.74073791503906	100.0	8.333333333333332
59	1	train	None	36	None	12	96.08024597167969	96.08024597167969	96.08024597167969	100.0	77.77777777777779
59	1	test	None	360	None	12	99.07408142089844	99.07408142089844	99.07408142089844	100.0	91.66666666666666
59	1	train	None	360	None	12	99.91357421875	99.91357421875	99.91357421875	100.0	99.16666666666667
59	1	test	None	372	None	12	100.0	100.0	100.0	100.0	100.0
59	1	train	None	372	None	12	99.89247131347656	99.89247131347656	99.89247131347656	100.0	98.65591397849462
59	1	test	None	384	None	12	96.6666488647461	96.6666488647461	96.6666488647461	100.0	58.333333333333336
59	1	train	None	384	None	12	97.7314224243164	97.7314224243164	97.7314224243164	100.0	76.5625
59	1	test	None	396	None	12	100.0	100.0	100.0	100.0	83.33333333333334
59	1	train	None	396	None	12	99.08807373046875	99.08807373046875	99.08807373046875	100.0	85.85858585858585
59	1	test	None	408	None	12	98.33333587646484	98.33333587646484	98.33333587646484	100.0	83.33333333333334
59	1	train	None	408	None	12	98.97056579589844	98.97056579589844	98.97056579589844	100.0	90.44117647058823
59	1	test	None	420	None	12	100.0	100.0	100.0	100.0	100.0
59	1	train	None	420	None	12	99.95237731933594	99.95237731933594	99.95237731933594	100.0	99.52380952380952
59	1	test	None	432	None	12	97.40740966796875	97.40740966796875	97.40740966796875	100.0	75.0
59	1	train	None	432	None	12	98.726806640625	98.726806640625	98.726806640625	100.0	87.26851851851852
59	1	test	None	444	None	12	100.0	100.0	100.0	100.0	91.66666666666666
59	1	train	None	444	None	12	99.63963317871094	99.63963317871094	99.63963317871094	100.0	94.81981981981981
59	1	test	None	456	None	12	100.0	100.0	100.0	100.0	100.0
59	1	train	None	456	None	12	99.91227722167969	99.91227722167969	99.91227722167969	100.0	99.12280701754386
59	1	test	None	468	None	12	97.5	97.5	97.5	100.0	75.0
59	1	train	None	468	None	12	98.3641357421875	98.3641357421875	98.3641357421875	100.0	83.76068376068376
59	1	test	None	48	None	12	84.07406616210938	84.07406616210938	84.07406616210938	100.0	8.333333333333332
59	1	train	None	48	None	12	98.91204071044922	98.91204071044922	98.91204071044922	100.0	89.58333333333334
59	1	test	None	480	None	12	97.40740966796875	97.40740966796875	97.40740966796875	100.0	75.0
59	1	train	None	480	None	12	98.03927612304688	98.03927612304688	98.03927612304688	100.0	80.41666666666667
59	1	test	None	492	None	12	100.0	100.0	100.0	100.0	100.0
59	1	train	None	492	None	12	99.57315063476562	99.57315063476562	99.57315063476562	100.0	95.73170731707317
59	1	test	None	504	None	12	100.0	100.0	100.0	100.0	91.66666666666666
59	1	train	None	504	None	12	99.81700897216797	99.81700897216797	99.81700897216797	100.0	98.01587301587301
59	1	test	None	516	None	12	98.24073791503906	98.24073791503906	98.24073791503906	100.0	83.33333333333334
59	1	train	None	516	None	12	99.5154800415039	99.5154800415039	99.5154800415039	100.0	90.69767441860465
59	1	test	None	528	None	12	100.0	100.0	100.0	100.0	100.0
59	1	train	None	528	None	12	99.73274230957031	99.73274230957031	99.73274230957031	100.0	97.53787878787878
59	1	test	None	540	None	12	98.33333587646484	98.33333587646484	98.33333587646484	100.0	75.0
59	1	train	None	540	None	12	97.69950866699219	97.69950866699219	97.69950866699219	100.0	74.44444444444444
59	1	test	None	552	None	12	100.0	100.0	100.0	100.0	100.0
59	1	train	None	552	None	12	99.49878692626953	99.49878692626953	99.49878692626953	100.0	92.7536231884058
59	1	test	None	564	None	12	98.24073791503906	98.24073791503906	98.24073791503906	100.0	83.33333333333334
59	1	train	None	564	None	12	98.42391967773438	98.42391967773438	98.42391967773438	100.0	83.15602836879432
59	1	test	None	576	None	12	100.0	100.0	100.0	100.0	100.0
59	1	train	None	576	None	12	98.59373474121094	98.59373474121094	98.59373474121094	100.0	84.89583333333334
59	1	test	None	588	None	12	97.50000762939453	97.50000762939453	97.50000762939453	100.0	75.0
59	1	train	None	588	None	12	97.07475280761719	97.07475280761719	97.07475280761719	100.0	70.74829931972789
59	1	test	None	60	None	12	78.2407455444336	78.2407455444336	78.2407455444336	100.0	0.0
59	1	train	None	60	None	12	90.48147583007812	90.48147583007812	90.48147583007812	100.0	50.0
59	1	test	None	600	None	12	98.33333587646484	98.33333587646484	98.33333587646484	100.0	83.33333333333334
59	1	train	None	600	None	12	97.62593841552734	97.62593841552734	97.62593841552734	100.0	75.33333333333333
59	1	test	None	72	None	12	89.90740966796875	89.90740966796875	89.90740966796875	100.0	8.333333333333332
59	1	train	None	72	None	12	99.3055648803711	99.02778625488281	99.15125274658203	98.61111111111111	91.66666666666666
59	1	test	None	84	None	12	90.83332824707031	90.83332824707031	90.83332824707031	100.0	25.0
59	1	train	None	84	None	12	98.80952453613281	98.80952453613281	98.80952453613281	100.0	91.66666666666666
59	1	test	None	96	None	12	93.24073791503906	93.24073791503906	93.24073791503906	100.0	33.33333333333333
59	1	train	None	96	None	12	99.47917175292969	99.47917175292969	99.47917175292969	100.0	94.79166666666666
59	1	test	None	108	None	12	93.24073791503906	93.24073791503906	93.24073791503906	100.0	50.0
59	1	train	None	108	None	12	98.69342803955078	98.69342803955078	98.69342803955078	100.0	86.11111111111111
